feed_url	site_name	lang	feed_kind	title	item_url	published
https://www.challies.com/feed/	Challies	EN	DEVOTIONAL	Weekend A La Carte (June 13)	https://www.challies.com/a-la-carte/weekend-a-la-carte-june-13-2026/	2026-06-13T04:01:00+00:00
https://www.challies.com/feed/	Challies	EN	DEVOTIONAL	An Ideal Resource For Your Family Devotions	https://www.challies.com/articles/an-ideal-resource-for-your-family-devotions/	2026-06-12T04:02:00+00:00
https://www.challies.com/feed/	Challies	EN	DEVOTIONAL	A La Carte (June 12)	https://www.challies.com/a-la-carte/a-la-carte-june-12-2026/	2026-06-12T04:01:00+00:00
https://www.challies.com/feed/	Challies	EN	DEVOTIONAL	A La Carte (June 11)	https://www.challies.com/a-la-carte/a-la-carte-june-11-2026/	2026-06-11T04:01:00+00:00
https://www.challies.com/feed/	Challies	EN	DEVOTIONAL	You Can Conform to Christ Even if You Don’t Conform to Me	https://www.challies.com/articles/you-can-conform-to-christ-even-if-you-dont-conform-to-me/	2026-06-10T04:02:00+00:00
https://www.challies.com/feed/	Challies	EN	DEVOTIONAL	A La Carte (June 10)	https://www.challies.com/a-la-carte/a-la-carte-june-10-2026/	2026-06-10T04:01:00+00:00
https://www.challies.com/feed/	Challies	EN	DEVOTIONAL	A La Carte (June 9)	https://www.challies.com/a-la-carte/a-la-carte-june-9-2026/	2026-06-09T04:01:00+00:00
https://www.challies.com/feed/	Challies	EN	DEVOTIONAL	Six Counsels for a Sending Church	https://www.challies.com/sponsored/six-counsels-for-a-sending-church/	2026-06-08T16:01:00+00:00
https://www.challies.com/feed/	Challies	EN	DEVOTIONAL	The Two Kinds of Content You Consume	https://www.challies.com/articles/the-two-kinds-of-content-you-consume/	2026-06-08T04:02:00+00:00
https://www.challies.com/feed/	Challies	EN	DEVOTIONAL	A La Carte (June 8)	https://www.challies.com/a-la-carte/a-la-carte-june-8-2026/	2026-06-08T04:01:00+00:00
https://www.challies.com/feed/	Challies	EN	DEVOTIONAL	Works & Wonders June 7	https://www.challies.com/articles/works-wonders-june-7/	2026-06-07T04:01:00+00:00
https://www.challies.com/feed/	Challies	EN	DEVOTIONAL	Weekend A La Carte (June 6)	https://www.challies.com/a-la-carte/weekend-a-la-carte-june-6-2026/	2026-06-06T04:01:00+00:00
https://www.challies.com/feed/	Challies	EN	DEVOTIONAL	Strong to the End	https://www.challies.com/articles/strong-to-the-end/	2026-06-05T04:02:00+00:00
https://www.challies.com/feed/	Challies	EN	DEVOTIONAL	A La Carte (June 5)	https://www.challies.com/a-la-carte/a-la-carte-june-5-2026/	2026-06-05T04:01:00+00:00
https://www.challies.com/feed/	Challies	EN	DEVOTIONAL	A La Carte (June 4)	https://www.challies.com/a-la-carte/a-la-carte-june-4-2026/	2026-06-04T04:01:00+00:00
https://www.desiringgod.org/blog.rss	Desiring God	EN	DEVOTIONAL	Spiritual Maturity Keeps Maturing: Seven Marks of Growing Disciples	http://rss.desiringgod.org/link/10732/17359921/spiritual-maturity-keeps-maturing	2026-06-12T10:00:00+00:00
https://www.desiringgod.org/blog.rss	Desiring God	EN	DEVOTIONAL	When the Spirit Comes with Power	http://rss.desiringgod.org/link/10732/17359922/when-the-spirit-comes-with-power	2026-06-12T10:00:00+00:00
https://www.desiringgod.org/blog.rss	Desiring God	EN	DEVOTIONAL	Preaching Outrage	http://rss.desiringgod.org/link/10732/17359393/preaching-outrage	2026-06-11T10:00:00+00:00
https://www.desiringgod.org/blog.rss	Desiring God	EN	DEVOTIONAL	Feminism Goes Back to the Fall: Three Waves of Disordered Desire	http://rss.desiringgod.org/link/10732/17357422/feminism-goes-back-to-the-fall	2026-06-10T10:00:00+00:00
https://www.desiringgod.org/blog.rss	Desiring God	EN	DEVOTIONAL	The Bruised Reed and the Coming King	http://rss.desiringgod.org/link/10732/17357423/the-bruised-reed-and-the-coming-king	2026-06-10T10:00:00+00:00
https://www.desiringgod.org/blog.rss	Desiring God	EN	DEVOTIONAL	Homemaking: Divine, Not Demeaning	http://rss.desiringgod.org/link/10732/17356818/homemaking-divine-not-demeaning	2026-06-09T10:00:00+00:00
https://www.desiringgod.org/blog.rss	Desiring God	EN	DEVOTIONAL	Fellow Workers Full of Grace for Philemon: Philemon 23–25, Part 2	http://rss.desiringgod.org/link/10732/17356819/fellow-workers-full-of-grace-for-philemon	2026-06-09T10:00:00+00:00
https://www.desiringgod.org/blog.rss	Desiring God	EN	DEVOTIONAL	Heaven Gives the Bridegroom	http://rss.desiringgod.org/link/10732/17356206/heaven-gives-the-bridegroom	2026-06-08T10:00:00+00:00
https://www.desiringgod.org/blog.rss	Desiring God	EN	DEVOTIONAL	Defeating Daily Anxiety	http://rss.desiringgod.org/link/10732/17356207/defeating-daily-anxiety	2026-06-08T10:00:00+00:00
https://www.desiringgod.org/blog.rss	Desiring God	EN	DEVOTIONAL	When Friends Fail and the Earth Gives Way	http://rss.desiringgod.org/link/10732/17355593/when-friends-fail-and-the-earth-gives-way	2026-06-07T10:00:00+00:00
https://odb.org/feed/	Our Daily Bread	EN	DEVOTIONAL	Dependent on God’s Strength	https://odb.org/2026/06/13/	2026-06-13T00:00:00+00:00
https://odb.org/feed/	Our Daily Bread	EN	DEVOTIONAL	Seasons of Love	https://odb.org/2026/06/12/	2026-06-12T00:00:00+00:00
https://odb.org/feed/	Our Daily Bread	EN	DEVOTIONAL	Be Prepared to Share	https://odb.org/2026/06/11/	2026-06-11T00:00:00+00:00
https://odb.org/feed/	Our Daily Bread	EN	DEVOTIONAL	Our Future with Christ	https://odb.org/2026/06/10/	2026-06-10T00:00:00+00:00
https://odb.org/feed/	Our Daily Bread	EN	DEVOTIONAL	God’s Glory and Majesty	https://odb.org/2026/06/09/	2026-06-09T00:00:00+00:00
https://odb.org/feed/	Our Daily Bread	EN	DEVOTIONAL	Reciprocal Generosity	https://odb.org/2026/06/08/	2026-06-08T00:00:00+00:00
https://odb.org/feed/	Our Daily Bread	EN	DEVOTIONAL	Remembering Who We Are	https://odb.org/2026/06/07/	2026-06-07T00:00:00+00:00
https://odb.org/feed/	Our Daily Bread	EN	DEVOTIONAL	God’s Provision	https://odb.org/2026/06/06/	2026-06-06T00:00:00+00:00
https://odb.org/feed/	Our Daily Bread	EN	DEVOTIONAL	Running to God in Prayer	https://odb.org/2026/06/05/	2026-06-05T00:00:00+00:00
https://odb.org/feed/	Our Daily Bread	EN	DEVOTIONAL	Freedom in God’s Love	https://odb.org/2026/06/04/	2026-06-04T00:00:00+00:00
https://odb.org/feed/	Our Daily Bread	EN	DEVOTIONAL	The Power of Music	https://odb.org/2026/06/03/	2026-06-03T00:00:00+00:00
https://odb.org/feed/	Our Daily Bread	EN	DEVOTIONAL	Our Part, God’s Part	https://odb.org/2026/06/02/	2026-06-02T00:00:00+00:00
https://odb.org/feed/	Our Daily Bread	EN	DEVOTIONAL	Generous Giving	https://odb.org/2026/06/01/	2026-06-01T00:00:00+00:00
https://odb.org/feed/	Our Daily Bread	EN	DEVOTIONAL	Extending God’s Care	https://odb.org/2026/05/31/	2026-05-31T00:00:00+00:00
https://odb.org/feed/	Our Daily Bread	EN	DEVOTIONAL	Imitating God’s Forgiveness	https://odb.org/2026/05/30/	2026-05-30T00:00:00+00:00
https://www.thegospelcoalition.org/feed/	The Gospel Coalition	EN	DEVOTIONAL	The Woman at the Well (TGC Classic)	https://www.thegospelcoalition.org/podcasts/tgc-podcast/woman-well-classic/	2026-06-12T04:04:00+00:00
https://www.thegospelcoalition.org/feed/	The Gospel Coalition	EN	DEVOTIONAL	Did the Father Really Forsake the Son?	https://www.thegospelcoalition.org/article/did-father-forsake-son/	2026-06-12T04:02:00+00:00
https://www.thegospelcoalition.org/feed/	The Gospel Coalition	EN	DEVOTIONAL	On My Shelf: Life and Books with Joseph Sherrard	https://www.thegospelcoalition.org/article/on-my-shelf-joseph-sherrard/	2026-06-11T04:03:00+00:00
https://www.thegospelcoalition.org/feed/	The Gospel Coalition	EN	DEVOTIONAL	Why Hot Takes Are the Enemy of Conviction	https://www.thegospelcoalition.org/article/forgotten-how-stay-convicted/	2026-06-11T04:00:00+00:00
https://www.thegospelcoalition.org/feed/	The Gospel Coalition	EN	DEVOTIONAL	‘Disclosure Day’ and Spielberg’s Judeo-Christian Alien Myths	https://www.thegospelcoalition.org/article/disclosure-day-christian-movie-review/	2026-06-10T17:50:00+00:00
https://www.thegospelcoalition.org/feed/	The Gospel Coalition	EN	DEVOTIONAL	Enjoy the World Cup—but Don’t Be Shaped by It	https://www.thegospelcoalition.org/article/world-cup-2026/	2026-06-10T04:00:00+00:00
https://www.thegospelcoalition.org/feed/	The Gospel Coalition	EN	DEVOTIONAL	Books You Should Read This Summer	https://www.thegospelcoalition.org/article/reading-summer-2026/	2026-06-09T04:05:00+00:00
https://www.thegospelcoalition.org/feed/	The Gospel Coalition	EN	DEVOTIONAL	Staff Pastors, Don’t Underuse Your Lay Elders	https://www.thegospelcoalition.org/article/dont-underuse-lay-elders/	2026-06-09T04:00:00+00:00
https://www.thegospelcoalition.org/feed/	The Gospel Coalition	EN	DEVOTIONAL	How to Preach the Gospel	https://www.thegospelcoalition.org/podcasts/everyday-pastor/how-preach-gospel/	2026-06-08T04:04:49+00:00
https://www.thegospelcoalition.org/feed/	The Gospel Coalition	EN	DEVOTIONAL	What Christian Athletes Can (and Can’t) Do for the Church	https://www.thegospelcoalition.org/reviews/godball-athletes-christianity/	2026-06-08T04:02:00+00:00
https://www.thegospelcoalition.org/feed/	The Gospel Coalition	EN	DEVOTIONAL	What a 6th-Century Monk Can Teach Exhausted Workers Today	https://www.thegospelcoalition.org/article/monk-exhausted-worker-today/	2026-06-08T04:00:00+00:00
https://www.thegospelcoalition.org/feed/	The Gospel Coalition	EN	DEVOTIONAL	4 Ways to (Actually) Help a Sufferer	https://www.thegospelcoalition.org/article/ways-help-sufferer/	2026-06-07T04:05:00+00:00
https://www.thegospelcoalition.org/feed/	The Gospel Coalition	EN	DEVOTIONAL	Packing for TGCW26? Leave Room for Discounted Books.	https://www.thegospelcoalition.org/article/tgcw26-discounted-books/	2026-06-06T04:02:00+00:00
https://www.thegospelcoalition.org/feed/	The Gospel Coalition	EN	DEVOTIONAL	Your Calling Is a Zigzag	https://www.thegospelcoalition.org/article/your-calling-zigzag/	2026-06-06T04:00:00+00:00
https://www.thegospelcoalition.org/feed/	The Gospel Coalition	EN	DEVOTIONAL	What Pastors Need to Recover About Mental Health	https://www.thegospelcoalition.org/reviews/seeking-sanctuary-finding-shalom/	2026-06-05T04:05:00+00:00
https://www.coalicionporelevangelio.org/feed/	Coalición por el Evangelio	ES	DEVOTIONAL	Cuando Jesús afirma estar subordinado	https://www.coalicionporelevangelio.org/articulo/jesus-dijo-padre-mayor/	2026-06-12T03:00:30+00:00
https://www.coalicionporelevangelio.org/feed/	Coalición por el Evangelio	ES	DEVOTIONAL	Los estadios son catedrales: Lo que los deportes revelan sobre la adoración	https://www.coalicionporelevangelio.org/articulo/deportes-adoracion/	2026-06-12T03:00:14+00:00
https://www.coalicionporelevangelio.org/feed/	Coalición por el Evangelio	ES	DEVOTIONAL	Aprovecha este Mundial para recordar la misión de Dios	https://www.coalicionporelevangelio.org/articulo/aprovecha-mundial-mision/	2026-06-11T03:00:25+00:00
https://www.coalicionporelevangelio.org/feed/	Coalición por el Evangelio	ES	DEVOTIONAL	¿Mi ciclo menstrual es un regalo de Dios?	https://www.coalicionporelevangelio.org/podcasts/para-ser-sinceras/ciclo-menstrual/	2026-06-11T03:00:11+00:00
https://www.coalicionporelevangelio.org/feed/	Coalición por el Evangelio	ES	DEVOTIONAL	3 vicios que los cristianos necesitan enfrentar hoy	https://www.coalicionporelevangelio.org/articulo/vicios-virtudes-formar-cristo/	2026-06-10T03:00:39+00:00
https://www.coalicionporelevangelio.org/feed/	Coalición por el Evangelio	ES	DEVOTIONAL	El evangelio para un amigo gay	https://www.coalicionporelevangelio.org/articulo/evangelio-para-amigo-gay/	2026-06-10T03:00:11+00:00
https://www.coalicionporelevangelio.org/feed/	Coalición por el Evangelio	ES	DEVOTIONAL	La IA no puede superar lo que aprendemos en la escuela de nuestros sentidos	https://www.coalicionporelevangelio.org/articulo/ia-no-superar-aprendemos-sentidos/	2026-06-09T03:00:22+00:00
https://www.coalicionporelevangelio.org/feed/	Coalición por el Evangelio	ES	DEVOTIONAL	3 lecciones esenciales para cuando compartas el evangelio	https://www.coalicionporelevangelio.org/articulo/evangelio-evangelizacion-mark-dever/	2026-06-08T03:00:47+00:00
https://www.coalicionporelevangelio.org/feed/	Coalición por el Evangelio	ES	DEVOTIONAL	Cómo hablar con tus hijos sobre la homosexualidad	https://www.coalicionporelevangelio.org/articulo/hablar-hijos-homosexualidad/	2026-06-08T03:00:42+00:00
https://www.coalicionporelevangelio.org/feed/	Coalición por el Evangelio	ES	DEVOTIONAL	Esperanza para los cristianos que luchan durante el “mes del orgullo”	https://www.coalicionporelevangelio.org/articulo/esperanza-mes-orgullo/	2026-06-05T03:00:42+00:00
https://www.coalicionporelevangelio.org/feed/	Coalición por el Evangelio	ES	DEVOTIONAL	Cómo buscar la presencia de Dios en medio de las crisis	https://www.coalicionporelevangelio.org/articulo/crisis-presencia-dios/	2026-06-05T03:00:03+00:00
https://www.coalicionporelevangelio.org/feed/	Coalición por el Evangelio	ES	DEVOTIONAL	Un mes de conflicto en Bolivia: ¿Cómo podemos orar?	https://www.coalicionporelevangelio.org/articulo/conflicto-social-bolivia-orar/	2026-06-04T14:00:58+00:00
https://www.coalicionporelevangelio.org/feed/	Coalición por el Evangelio	ES	DEVOTIONAL	Corre ese riesgo por Jesús	https://www.coalicionporelevangelio.org/articulo/corre-riesgo-por-jesus/	2026-06-04T03:00:52+00:00
https://www.coalicionporelevangelio.org/feed/	Coalición por el Evangelio	ES	DEVOTIONAL	Celebrando la masculinidad y feminidad en la familia	https://www.coalicionporelevangelio.org/podcasts/para-ser-sinceras/celebrando-masculinidad-feminidad/	2026-06-04T03:00:30+00:00
https://www.coalicionporelevangelio.org/feed/	Coalición por el Evangelio	ES	DEVOTIONAL	Cómo el mes del orgullo LGBT se convirtió en una festividad religiosa	https://www.coalicionporelevangelio.org/articulo/mes-del-orgullo-lgbt/	2026-06-03T03:00:53+00:00
https://www.toutpoursagloire.com/feed/	Tout Pour Sa Gloire	FR	DEVOTIONAL	Colère, haine, frustration : comment y faire face ?	https://toutpoursagloire.com/podcasts/lesunslesautres/colere-haine-frustration-comment-faire-face/	2026-06-13T04:30:00+00:00
https://www.toutpoursagloire.com/feed/	Tout Pour Sa Gloire	FR	DEVOTIONAL	Une illustration de notre besoin constant de méditer la Parole de Dieu	https://toutpoursagloire.com/article/je-suis-comme-une-maison-chauffee-au-bois/	2026-06-13T04:00:00+00:00
https://www.toutpoursagloire.com/feed/	Tout Pour Sa Gloire	FR	DEVOTIONAL	Comment rassurer les chrétiens nés de famille chrétienne ? (Épisode 507)	https://toutpoursagloire.com/podcasts/un-pasteur-vous-repond/rassurer-chretiens-nes-famille-chretienne/	2026-06-12T04:30:00+00:00
https://www.toutpoursagloire.com/feed/	Tout Pour Sa Gloire	FR	DEVOTIONAL	Mari, voici 7 façons de manifester ton amour à ton épouse	https://toutpoursagloire.com/article/mari-aimer-femme-comme-christ/	2026-06-12T04:00:00+00:00
https://www.toutpoursagloire.com/feed/	Tout Pour Sa Gloire	FR	DEVOTIONAL	La rédemption – L’amour parfait de Christ comme modèle (Éphésiens 5.21-33)	https://toutpoursagloire.com/article/redemption-mariage-selon-ephesiens-5/	2026-06-11T04:00:00+00:00
https://www.toutpoursagloire.com/feed/	Tout Pour Sa Gloire	FR	DEVOTIONAL	La mort du Roi (Matthieu 27.45-50)	https://toutpoursagloire.com/podcasts/predications-tpsg/la-mort-du-roi/	2026-06-10T04:30:00+00:00
https://www.toutpoursagloire.com/feed/	Tout Pour Sa Gloire	FR	DEVOTIONAL	Jésus choisit et utilise des incapables	https://toutpoursagloire.com/article/jesus-choisit-incapables/	2026-06-10T04:00:00+00:00
https://www.toutpoursagloire.com/feed/	Tout Pour Sa Gloire	FR	DEVOTIONAL	Bien vivre ensemble dans l’Église, c’est possible ?	https://toutpoursagloire.com/podcasts/chretienne/vivre-les-uns-les-autres-dans-eglise/	2026-06-09T04:30:00+00:00
https://www.toutpoursagloire.com/feed/	Tout Pour Sa Gloire	FR	DEVOTIONAL	Si ta main droite est pour toi une occasion de chute	https://toutpoursagloire.com/article/si-ta-main-droite-est-pour-toi-une-occasion-de-chute/	2026-06-09T04:00:00+00:00
https://www.toutpoursagloire.com/feed/	Tout Pour Sa Gloire	FR	DEVOTIONAL	Le salut de vos enfants ne dépend pas de vous	https://toutpoursagloire.com/article/salut-enfants-ne-depend-pas-de-vous/	2026-06-08T04:00:00+00:00
https://www.coalizaopeloevangelho.org/feed/	Coalizão pelo Evangelho	PT	DEVOTIONAL	Dons Espirituais São para o Serviço, Não para Realização Pessoal	https://coalizaopeloevangelho.org/article/dons-espirituais-sao-para-o-servico-nao-para-realizacao-pessoal/	2026-04-07T20:49:32+00:00
https://www.coalizaopeloevangelho.org/feed/	Coalizão pelo Evangelho	PT	DEVOTIONAL	O Que Aprendi com a Leitura de “O Pastor Imperfeito” de Zack Eswine	https://coalizaopeloevangelho.org/article/o-que-aprendi-com-a-leitura-deo-pastor-imperfeito-de-zack-eswine/	2026-03-30T18:53:08+00:00
https://www.coalizaopeloevangelho.org/feed/	Coalizão pelo Evangelho	PT	DEVOTIONAL	A Inclinação Homossexual como Pecado em Si: Pecado, Ordem da Criação e Tradição Reformada	https://coalizaopeloevangelho.org/article/a-inclinacao-homossexual-como-pecado-em-si/	2026-03-18T02:12:22+00:00
https://www.coalizaopeloevangelho.org/feed/	Coalizão pelo Evangelho	PT	DEVOTIONAL	Qual é o Meu Lugar? Ensinando Crianças Onde Se Encontra o Verdadeiro Valor	https://coalizaopeloevangelho.org/article/qual-e-o-meu-lugar-ensinando-criancas-onde-se-encontra-o-verdadeiro-valor/	2026-03-04T20:31:55+00:00
https://www.coalizaopeloevangelho.org/feed/	Coalizão pelo Evangelho	PT	DEVOTIONAL	Pregue (Todo) o Livro de Salmos	https://coalizaopeloevangelho.org/article/pregue-todo-o-livro-de-salmos/	2026-02-25T20:01:37+00:00
https://www.coalizaopeloevangelho.org/feed/	Coalizão pelo Evangelho	PT	DEVOTIONAL	O Evangelho e a Polarização	https://coalizaopeloevangelho.org/article/o-evangelho-e-a-polarizacao/	2026-02-20T22:56:36+00:00
https://www.coalizaopeloevangelho.org/feed/	Coalizão pelo Evangelho	PT	DEVOTIONAL	O Evangelho e a Crise de Desesperança	https://coalizaopeloevangelho.org/article/o-evangelho-e-a-crise-de-desesperanca/	2026-02-19T17:00:03+00:00
https://www.coalizaopeloevangelho.org/feed/	Coalizão pelo Evangelho	PT	DEVOTIONAL	O Evangelho e a Crise de Identidade	https://coalizaopeloevangelho.org/article/o-evangelho-e-a-crise-de-identidade/	2026-02-18T18:10:23+00:00
https://www.coalizaopeloevangelho.org/feed/	Coalizão pelo Evangelho	PT	DEVOTIONAL	Desobediência Idolatrada – Por Que o “Eu” Pós-moderno Não Suporta a Autoridade de Jesus	https://coalizaopeloevangelho.org/article/desobediencia-idolatrada-por-que-o-eu-pos-moderno-nao-suporta-a-autoridade-de-jesus/	2026-02-13T19:35:41+00:00
https://www.coalizaopeloevangelho.org/feed/	Coalizão pelo Evangelho	PT	DEVOTIONAL	Quando o Salário Para de Cair: Cuidado Espiritual para os Desempregados	https://coalizaopeloevangelho.org/article/quando-o-salario-para-de-cair-cuidado-espiritual-para-os-desempregados/	2026-02-03T18:14:14+00:00
https://www.coalizaopeloevangelho.org/feed/	Coalizão pelo Evangelho	PT	DEVOTIONAL	Pastor, Você Consegue Perseverar: 5 Lembretes para Quando o Ministério Estiver Difícil	https://coalizaopeloevangelho.org/article/pastor-voce-consegue-perseverar-5-lembretes-para-quando-o-ministerio-estiver-dificil/	2026-01-28T18:03:54+00:00
https://www.coalizaopeloevangelho.org/feed/	Coalizão pelo Evangelho	PT	DEVOTIONAL	O Silêncio que Ecoa Além da Fronteira	https://coalizaopeloevangelho.org/article/o-silencio-que-ecoa-alem-da-fronteira/	2026-01-20T17:02:44+00:00
https://www.coalizaopeloevangelho.org/feed/	Coalizão pelo Evangelho	PT	DEVOTIONAL	Perseverando até a Glória: Como a Visão Beatífica Sustenta Pastores Cansados	https://coalizaopeloevangelho.org/article/perseverando-ate-a-gloria-como-a-visao-beatifica-sustenta-pastores-cansados/	2026-01-14T13:10:41+00:00
https://www.coalizaopeloevangelho.org/feed/	Coalizão pelo Evangelho	PT	DEVOTIONAL	Evite Esses Impostores da Exposição	https://coalizaopeloevangelho.org/article/evite-esses-impostores-da-exposicao/	2026-01-06T17:05:10+00:00
https://www.coalizaopeloevangelho.org/feed/	Coalizão pelo Evangelho	PT	DEVOTIONAL	Cinco Lições para Novos Plantadores de Igrejas	https://coalizaopeloevangelho.org/article/cinco-licoes-para-novos-plantadores-de-igrejas/	2025-12-23T20:19:18+00:00
https://tgcchinese.org/feed	TGC 中文 (福音联盟)	ZH	DEVOTIONAL	卡尔·楚曼对现代自我的回应	https://www.fuyinlianmeng.org/review/desecration-man-rejection	2026-06-13T12:21:39+08:00
https://tgcchinese.org/feed	TGC 中文 (福音联盟)	ZH	DEVOTIONAL	遭遗忘的改革宗教义	https://www.fuyinlianmeng.org/article/missing-reformed-doctrine-spiritual-formation	2026-06-13T12:08:49+08:00
https://tgcchinese.org/feed	TGC 中文 (福音联盟)	ZH	DEVOTIONAL	仇外、移民与基督徒的回应	https://www.fuyinlianmeng.org/article/xenophobia-migration-and-the-christian-response	2026-06-13T10:49:23+08:00
https://tgcchinese.org/feed	TGC 中文 (福音联盟)	ZH	DEVOTIONAL	姊妹事工是否把单亲妈妈挡在了门外？	https://www.fuyinlianmeng.org/article/womens-ministry-accessible-single-moms	2026-06-12T10:01:07+08:00
https://tgcchinese.org/feed	TGC 中文 (福音联盟)	ZH	DEVOTIONAL	灵命枯干？一份出人意料的礼物	https://www.fuyinlianmeng.org/review/god-seems-distant	2026-06-11T09:32:54+08:00
https://tgcchinese.org/feed	TGC 中文 (福音联盟)	ZH	DEVOTIONAL	教导孩子做一个尊重现实的人	https://www.fuyinlianmeng.org/article/reality-respecters	2026-06-11T09:16:13+08:00
https://tgcchinese.org/feed	TGC 中文 (福音联盟)	ZH	DEVOTIONAL	让科学带着你找到神	https://www.fuyinlianmeng.org/article/follow-science-god	2026-06-10T18:15:21+08:00
https://tgcchinese.org/feed	TGC 中文 (福音联盟)	ZH	DEVOTIONAL	从异教神话到基督恩典：亚瑟王传奇如何点燃马尔科姆·吉特的信仰想象	https://www.fuyinlianmeng.org/review/galahad-grail-guite	2026-06-10T18:03:37+08:00
https://tgcchinese.org/feed	TGC 中文 (福音联盟)	ZH	DEVOTIONAL	福音联盟 2026 年青年散文大赛	https://www.fuyinlianmeng.org/article/2026-essay-contest-young-adults	2026-06-10T17:45:56+08:00
https://tgcchinese.org/feed	TGC 中文 (福音联盟)	ZH	DEVOTIONAL	算法之外：在 AI 时代寻找真实自我	https://www.fuyinlianmeng.org/article/algorithm-self-ai	2026-06-09T09:21:41+08:00
https://tgcchinese.org/feed	TGC 中文 (福音联盟)	ZH	DEVOTIONAL	圣经神学的第三条道路：对角线上的思考	https://www.fuyinlianmeng.org/review/biblical-critical-theory-review	2026-06-09T08:52:25+08:00
https://tgcchinese.org/feed	TGC 中文 (福音联盟)	ZH	DEVOTIONAL	从学前班开始，塑造信仰根基	https://www.fuyinlianmeng.org/review/big-thoughts-tiny-tots	2026-06-08T20:30:57+08:00
https://tgcchinese.org/feed	TGC 中文 (福音联盟)	ZH	DEVOTIONAL	离婚后可以复婚吗？	https://www.fuyinlianmeng.org/article/divorced-couple-remarry	2026-06-08T20:16:04+08:00
https://tgcchinese.org/feed	TGC 中文 (福音联盟)	ZH	DEVOTIONAL	牧养那些没有投票给你的羊	https://www.fuyinlianmeng.org/article/pastor-those-who-didnt-vote-you	2026-06-06T16:55:09+08:00
https://tgcchinese.org/feed	TGC 中文 (福音联盟)	ZH	DEVOTIONAL	救恩永蒙保守，是继续犯罪的“保险单”吗？	https://www.fuyinlianmeng.org/article/eternal-salvation-continue-to-sin	2026-06-06T16:30:22+08:00
https://feed.desiringgod.org/messages-by-desiring-god.rss	feed.desiringgod.org	EN	DEVOTIONAL	Steep Your Soul with Christian Meditation	https://feed.desiringgod.org/link/10727/17355212/steep-your-soul-with-christian-meditation	2026-06-06T10:00:00+00:00
https://feed.desiringgod.org/messages-by-desiring-god.rss	feed.desiringgod.org	EN	DEVOTIONAL	Graduates, Remember the Rich Young Man: To the Class of 2026	https://feed.desiringgod.org/link/10727/17353168/graduates-remember-the-rich-young-man	2026-06-03T10:00:00+00:00
https://feed.desiringgod.org/messages-by-desiring-god.rss	feed.desiringgod.org	EN	DEVOTIONAL	Reset Your Mind on Jesus: A Live Lab on Colossians 3:1–4	https://feed.desiringgod.org/link/10727/17351212/reset-your-mind-on-jesus	2026-05-30T10:00:00+00:00
https://feed.desiringgod.org/messages-by-desiring-god.rss	feed.desiringgod.org	EN	DEVOTIONAL	Get Your Heart Happy in God	https://feed.desiringgod.org/link/10727/17346925/get-your-heart-happy-in-god	2026-05-23T10:00:00+00:00
https://feed.desiringgod.org/messages-by-desiring-god.rss	feed.desiringgod.org	EN	DEVOTIONAL	Make War on Sin with Exercise	https://feed.desiringgod.org/link/10727/17342400/make-war-on-sin-with-exercise	2026-05-16T10:00:00+00:00
https://feed.desiringgod.org/messages-by-desiring-god.rss	feed.desiringgod.org	EN	DEVOTIONAL	The Glory of God in His Glorious Church	https://feed.desiringgod.org/link/10727/17337310/the-glory-of-god-in-his-glorious-church	2026-05-09T10:00:00+00:00
https://feed.desiringgod.org/messages-by-desiring-god.rss	feed.desiringgod.org	EN	DEVOTIONAL	Hear His Voice in the Thunder	https://feed.desiringgod.org/link/10727/17330699/hear-his-voice-in-the-thunder	2026-05-02T10:00:00+00:00
https://feed.desiringgod.org/messages-by-desiring-god.rss	feed.desiringgod.org	EN	DEVOTIONAL	Radiance, Power, and Purification: The Superiority of Jesus Christ	https://feed.desiringgod.org/link/10727/17325259/radiance-power-and-purification	2026-04-25T10:00:00+00:00
https://feed.desiringgod.org/messages-by-desiring-god.rss	feed.desiringgod.org	EN	DEVOTIONAL	The Everyday Bride of Jesus: How Christology Shapes a Local Church	https://feed.desiringgod.org/link/10727/17321396/the-everyday-bride-of-jesus	2026-04-18T10:00:00+00:00
https://feed.desiringgod.org/messages-by-desiring-god.rss	feed.desiringgod.org	EN	DEVOTIONAL	Plead for the Insight You Need: Word + Spirit in Pastoral Study	https://feed.desiringgod.org/link/10727/17317605/plead-for-the-insight-you-need	2026-04-11T10:00:00+00:00
https://feed.desiringgod.org/messages-by-desiring-god.rss	feed.desiringgod.org	EN	DEVOTIONAL	Navigate the Impossible: Word + Spirit in Pastoral Wisdom	https://feed.desiringgod.org/link/10727/17313486/navigate-the-impossible	2026-04-04T10:00:00+00:00
https://feed.desiringgod.org/messages-by-desiring-god.rss	feed.desiringgod.org	EN	DEVOTIONAL	True Faith Tastes Future Joy	https://feed.desiringgod.org/link/10727/17308074/true-faith-tastes-future-joy	2026-03-28T10:00:00+00:00
https://feed.desiringgod.org/messages-by-desiring-god.rss	feed.desiringgod.org	EN	DEVOTIONAL	Six Paths to Self-Forgetfulness	https://feed.desiringgod.org/link/10727/17303130/six-paths-to-self-forgetfulness	2026-03-21T10:00:00+00:00
https://feed.desiringgod.org/messages-by-desiring-god.rss	feed.desiringgod.org	EN	DEVOTIONAL	Why Would a Christian Exercise?	https://feed.desiringgod.org/link/10727/17299314/why-would-a-christian-exercise	2026-03-14T10:00:00+00:00
https://feed.desiringgod.org/messages-by-desiring-god.rss	feed.desiringgod.org	EN	DEVOTIONAL	Lead with Your Life: How to Influence in Your Twenties	https://feed.desiringgod.org/link/10727/17297343/lead-with-your-life	2026-03-11T10:00:00+00:00
https://feed.desiringgod.org/articles-by-desiring-god.rss	feed.desiringgod.org	EN	DEVOTIONAL	When Friends Fail and the Earth Gives Way	https://feed.desiringgod.org/link/22977/17355590/when-friends-fail-and-the-earth-gives-way	2026-06-07T10:00:00+00:00
https://feed.desiringgod.org/articles-by-desiring-god.rss	feed.desiringgod.org	EN	DEVOTIONAL	Find Heroes Better Than Harry Potter	https://feed.desiringgod.org/link/22977/17352536/find-heroes-better-than-harry-potter	2026-06-02T10:00:00+00:00
https://feed.desiringgod.org/articles-by-desiring-god.rss	feed.desiringgod.org	EN	DEVOTIONAL	Tomorrow May Be Too Late: Testimonies of the Damned	https://feed.desiringgod.org/link/22977/17350659/tomorrow-may-be-too-late	2026-05-29T10:00:00+00:00
https://feed.desiringgod.org/articles-by-desiring-god.rss	feed.desiringgod.org	EN	DEVOTIONAL	Artificial Preaching: The Temptation of AI	https://feed.desiringgod.org/link/22977/17344021/artificial-preaching	2026-05-19T10:00:00+00:00
https://feed.desiringgod.org/articles-by-desiring-god.rss	feed.desiringgod.org	EN	DEVOTIONAL	Jesus Raged? The Righteous Anger of God Incarnate	https://feed.desiringgod.org/link/22977/17342778/jesus-raged	2026-05-17T10:00:00+00:00
https://feed.desiringgod.org/articles-by-desiring-god.rss	feed.desiringgod.org	EN	DEVOTIONAL	Keep Praying for a Breakthrough	https://feed.desiringgod.org/link/22977/17339048/keep-praying-for-a-breakthrough	2026-05-12T10:00:00+00:00
https://feed.desiringgod.org/articles-by-desiring-god.rss	feed.desiringgod.org	EN	DEVOTIONAL	This Little Light of Mine: Why Don’t I Let It Shine?	https://feed.desiringgod.org/link/22977/17337714/this-little-light-of-mine	2026-05-10T10:00:00+00:00
https://feed.desiringgod.org/articles-by-desiring-god.rss	feed.desiringgod.org	EN	DEVOTIONAL	The Trial of Daily Bread	https://feed.desiringgod.org/link/22977/17330036/the-trial-of-daily-bread	2026-05-01T10:00:00+00:00
https://feed.desiringgod.org/articles-by-desiring-god.rss	feed.desiringgod.org	EN	DEVOTIONAL	Lead at a Pace They Can Follow	https://feed.desiringgod.org/link/22977/17320747/lead-at-a-pace-they-can-follow	2026-04-17T10:00:00+00:00
https://feed.desiringgod.org/articles-by-desiring-god.rss	feed.desiringgod.org	EN	DEVOTIONAL	Take That Risk for Jesus	https://feed.desiringgod.org/link/22977/17318838/take-that-risk-for-jesus	2026-04-14T10:00:00+00:00
https://feed.desiringgod.org/articles-by-desiring-god.rss	feed.desiringgod.org	EN	DEVOTIONAL	No Sin Is Worth Hell	https://feed.desiringgod.org/link/22977/17317852/no-sin-is-worth-hell	2026-04-12T10:00:00+00:00
https://feed.desiringgod.org/articles-by-desiring-god.rss	feed.desiringgod.org	EN	DEVOTIONAL	The Voice of ‘A Great Awakening’	https://feed.desiringgod.org/link/22977/17316399/the-voice-of-a-great-awakening	2026-04-09T12:40:00+00:00
https://feed.desiringgod.org/articles-by-desiring-god.rss	feed.desiringgod.org	EN	DEVOTIONAL	The Day Death Tried to Swallow Life	https://feed.desiringgod.org/link/22977/17313842/the-day-death-tried-to-swallow-life	2026-04-05T10:00:00+00:00
https://feed.desiringgod.org/articles-by-desiring-god.rss	feed.desiringgod.org	EN	DEVOTIONAL	He Came, He Died, He Conquered	https://feed.desiringgod.org/link/22977/17312934/he-came-he-died-he-conquered	2026-04-03T10:00:00+00:00
https://feed.desiringgod.org/articles-by-desiring-god.rss	feed.desiringgod.org	EN	DEVOTIONAL	The Agony of Sin and Love	https://feed.desiringgod.org/link/22977/17312221/the-agony-of-sin-and-love	2026-04-02T10:00:00+00:00
https://feed.desiringgod.org/light-and-truth.rss	feed.desiringgod.org	EN	DEVOTIONAL	When the Spirit Comes with Power	https://feed.desiringgod.org/link/23670/17359923/when-the-spirit-comes-with-power	2026-06-12T10:00:00+00:00
https://feed.desiringgod.org/light-and-truth.rss	feed.desiringgod.org	EN	DEVOTIONAL	Life for Your Mortal Body	https://feed.desiringgod.org/link/23670/17359392/life-for-your-mortal-body	2026-06-11T10:00:00+00:00
https://feed.desiringgod.org/light-and-truth.rss	feed.desiringgod.org	EN	DEVOTIONAL	The Bruised Reed and the Coming King	https://feed.desiringgod.org/link/23670/17357399/the-bruised-reed-and-the-coming-king	2026-06-10T10:00:00+00:00
https://feed.desiringgod.org/light-and-truth.rss	feed.desiringgod.org	EN	DEVOTIONAL	Full of God, Full of Grace	https://feed.desiringgod.org/link/23670/17356801/full-of-god-full-of-grace	2026-06-09T10:00:00+00:00
https://feed.desiringgod.org/light-and-truth.rss	feed.desiringgod.org	EN	DEVOTIONAL	Heaven Gives the Bridegroom	https://feed.desiringgod.org/link/23670/17356106/heaven-gives-the-bridegroom	2026-06-08T10:00:00+00:00
https://feed.desiringgod.org/light-and-truth.rss	feed.desiringgod.org	EN	DEVOTIONAL	When Christ Takes the Spotlight	https://feed.desiringgod.org/link/23670/17354616/when-christ-takes-the-spotlight	2026-06-05T10:00:00+00:00
https://feed.desiringgod.org/light-and-truth.rss	feed.desiringgod.org	EN	DEVOTIONAL	Come into the Light	https://feed.desiringgod.org/link/23670/17353829/come-into-the-light	2026-06-04T10:00:00+00:00
https://feed.desiringgod.org/light-and-truth.rss	feed.desiringgod.org	EN	DEVOTIONAL	Light Reveals the Heart	https://feed.desiringgod.org/link/23670/17353166/light-reveals-the-heart	2026-06-03T10:00:00+00:00
https://feed.desiringgod.org/light-and-truth.rss	feed.desiringgod.org	EN	DEVOTIONAL	Loved into Life	https://feed.desiringgod.org/link/23670/17352535/loved-into-life	2026-06-02T10:00:00+00:00
https://feed.desiringgod.org/light-and-truth.rss	feed.desiringgod.org	EN	DEVOTIONAL	The Verse That Holds the World	https://feed.desiringgod.org/link/23670/17351971/the-verse-that-holds-the-world	2026-06-01T10:00:00+00:00
https://feed.desiringgod.org/light-and-truth.rss	feed.desiringgod.org	EN	DEVOTIONAL	When Grace Overcomes	https://feed.desiringgod.org/link/23670/17350658/when-grace-overcomes	2026-05-29T10:00:00+00:00
https://feed.desiringgod.org/light-and-truth.rss	feed.desiringgod.org	EN	DEVOTIONAL	The Wind That Gives Life	https://feed.desiringgod.org/link/23670/17349892/the-wind-that-gives-life	2026-05-28T10:00:00+00:00
https://feed.desiringgod.org/light-and-truth.rss	feed.desiringgod.org	EN	DEVOTIONAL	The Curse That Became Our Cure	https://feed.desiringgod.org/link/23670/17349241/the-curse-that-became-our-cure	2026-05-27T10:00:00+00:00
https://feed.desiringgod.org/light-and-truth.rss	feed.desiringgod.org	EN	DEVOTIONAL	Seeing the Signs, Missing the Savior	https://feed.desiringgod.org/link/23670/17348601/seeing-the-signs-missing-the-savior	2026-05-26T10:00:00+00:00
https://feed.desiringgod.org/light-and-truth.rss	feed.desiringgod.org	EN	DEVOTIONAL	Fully Known, Fully Loved	https://feed.desiringgod.org/link/23670/17347814/fully-known-fully-loved	2026-05-25T10:00:00+00:00
https://feed.desiringgod.org/solid-joys-audio.rss	feed.desiringgod.org	EN	DEVOTIONAL	Help My Unbelief	https://feed.desiringgod.org/link/18331/17311103/help-my-unbelief	2026-06-12T10:00:00
https://feed.desiringgod.org/solid-joys-audio.rss	feed.desiringgod.org	EN	DEVOTIONAL	Faith for the Future	https://feed.desiringgod.org/link/18331/17311104/faith-for-the-future	2026-06-11T10:00:00
https://feed.desiringgod.org/solid-joys-audio.rss	feed.desiringgod.org	EN	DEVOTIONAL	When Reason Serves Rebellion	https://feed.desiringgod.org/link/18331/17311105/when-reason-serves-rebellion	2026-06-10T10:00:00
https://feed.desiringgod.org/solid-joys-audio.rss	feed.desiringgod.org	EN	DEVOTIONAL	Prayer Is for Sinners	https://feed.desiringgod.org/link/18331/17311106/prayer-is-for-sinners	2026-06-09T10:00:00
https://feed.desiringgod.org/solid-joys-audio.rss	feed.desiringgod.org	EN	DEVOTIONAL	Glorify God in Your Body	https://feed.desiringgod.org/link/18331/17311107/glorify-god-in-your-body	2026-06-08T10:00:00
https://feed.desiringgod.org/solid-joys-audio.rss	feed.desiringgod.org	EN	DEVOTIONAL	We Live by Faith	https://feed.desiringgod.org/link/18331/17311108/we-live-by-faith	2026-06-07T10:00:00
https://feed.desiringgod.org/solid-joys-audio.rss	feed.desiringgod.org	EN	DEVOTIONAL	All Hostile to God	https://feed.desiringgod.org/link/18331/17311109/all-hostile-to-god	2026-06-06T10:00:00
https://feed.desiringgod.org/solid-joys-audio.rss	feed.desiringgod.org	EN	DEVOTIONAL	Dependable in the Mundane	https://feed.desiringgod.org/link/18331/17311110/dependable-in-the-mundane	2026-06-05T10:00:00
https://feed.desiringgod.org/solid-joys-audio.rss	feed.desiringgod.org	EN	DEVOTIONAL	What Makes God Proud	https://feed.desiringgod.org/link/18331/17311111/what-makes-god-proud	2026-06-04T10:00:00
https://feed.desiringgod.org/solid-joys-audio.rss	feed.desiringgod.org	EN	DEVOTIONAL	Faith for the Impossible	https://feed.desiringgod.org/link/18331/17311112/faith-for-the-impossible	2026-06-03T10:00:00
https://feed.desiringgod.org/solid-joys-audio.rss	feed.desiringgod.org	EN	DEVOTIONAL	Who Are the Children of Abraham?	https://feed.desiringgod.org/link/18331/17311113/who-are-the-children-of-abraham	2026-06-02T10:00:00
https://feed.desiringgod.org/solid-joys-audio.rss	feed.desiringgod.org	EN	DEVOTIONAL	The Faith That Magnifies Grace	https://feed.desiringgod.org/link/18331/17311114/the-faith-that-magnifies-grace	2026-06-01T10:00:00
https://feed.desiringgod.org/solid-joys-audio.rss	feed.desiringgod.org	EN	DEVOTIONAL	The Gain of Serving God	https://feed.desiringgod.org/link/18331/17311115/the-gain-of-serving-god	2026-05-31T10:00:00
https://feed.desiringgod.org/solid-joys-audio.rss	feed.desiringgod.org	EN	DEVOTIONAL	Something to Boast About	https://feed.desiringgod.org/link/18331/17311116/something-to-boast-about	2026-05-30T10:00:00
https://feed.desiringgod.org/solid-joys-audio.rss	feed.desiringgod.org	EN	DEVOTIONAL	When God Goes Against His Will	https://feed.desiringgod.org/link/18331/17311117/when-god-goes-against-his-will	2026-05-29T10:00:00
https://www.jesus.de/feed/	Jesus.de	DE	NEWS		https://www.jesus.de/newsletter_auto/trigger/264061/	2026-06-12T22:30:03+00:00
https://www.jesus.de/feed/	Jesus.de	DE	NEWS	„Nobody’s perfect“ – einer schon	https://www.jesus.de/blogs/nobodys-perfect-einer-schon/	2026-06-12T12:36:34+00:00
https://www.jesus.de/feed/	Jesus.de	DE	NEWS	Vom Christen zum Jünger: Wie Jesus meinen Glauben revolutionierte	https://www.jesus.de/nachrichten-themen/nachrichten-kirche-und-gemeinde/wie-jesus-mein-christsein-zur-jesus-nachfolge-reformierte/	2026-06-12T12:35:15+00:00
https://www.jesus.de/feed/	Jesus.de	DE	NEWS	Brot für die Welt: „Der neue Asylpakt ist ein Pakt gegen Geflüchtete“	https://www.jesus.de/nachrichten-themen/brot-fuer-die-welt-der-neue-asylpakt-ist-ein-pakt-gegen-gefluechtete/	2026-06-12T12:34:07+00:00
https://www.jesus.de/feed/	Jesus.de	DE	NEWS	„Sieben Sünden“ – Ausstellung in Dresden	https://www.jesus.de/nachrichten-themen/nachrichten-kultur/sieben-suenden-ausstellung-in-dresden/	2026-06-12T12:32:25+00:00
https://www.jesus.de/feed/	Jesus.de	DE	NEWS	Torwart-Legende Jean-Marie Pfaff: Wie sein Glaube ihn stark macht	https://www.jesus.de/nachrichten-themen/personen/torwart-legende-jean-marie-pfaff-wie-sein-glaube-ihn-stark-macht/	2026-06-11T11:31:26+00:00
https://www.jesus.de/feed/	Jesus.de	DE	NEWS	Volksverhetzung: Urteil gegen Prediger rechtskräftig	https://www.jesus.de/nachrichten-themen/nachrichten-gesellschaft/urteil-gegen-prediger-wegen-volksverhetzung-rechtskraeftig/	2026-06-11T08:13:24+00:00
https://www.jesus.de/feed/	Jesus.de	DE	NEWS	Dieter Nuhr mit Leo-Baeck-Preis ausgezeichnet	https://www.jesus.de/nachrichten-themen/personen/dieter-nuhr-mit-leo-baeck-preis-ausgezeichnet/	2026-06-11T08:12:48+00:00
https://www.jesus.de/feed/	Jesus.de	DE	NEWS	„Hisbollah unterstützt“ – Gericht bestätigt Verbot von Moschee-Verein	https://www.jesus.de/nachrichten-themen/nachrichten-gesellschaft/hisbollah-unterstuetzt-gericht-bestaetigt-verbot-von-moschee-verein/	2026-06-11T08:12:32+00:00
https://www.jesus.de/feed/	Jesus.de	DE	NEWS	Jubiläum: Jugendkongress Christival wird 50!	https://www.jesus.de/nachrichten-themen/events/jugendkongress-christival-wird-50/	2026-06-10T13:48:32+00:00
https://www.pro-medienmagazin.de/feed/	pro Medienmagazin	DE	NEWS	Jesus kennenlernen auf der „Logos Hope“	https://www.pro-medienmagazin.de/jesus-kennenlernen-auf-der-logos-hope/	2026-06-12T16:01:58+00:00
https://www.pro-medienmagazin.de/feed/	pro Medienmagazin	DE	NEWS	Steinmeier: Beten für Zusammenhalt der Gesellschaft	https://www.pro-medienmagazin.de/steinmeier-beten-fuer-zusammenhalt-der-gesellschaft/	2026-06-12T13:02:55+00:00
https://www.pro-medienmagazin.de/feed/	pro Medienmagazin	DE	NEWS	Christian Wulff: Glaube nicht als Waffe nutzen	https://www.pro-medienmagazin.de/christian-wulff-glaube-nicht-als-waffe-nutzen/	2026-06-12T12:14:09+00:00
https://www.pro-medienmagazin.de/feed/	pro Medienmagazin	DE	NEWS	„Manchen zu fromm, manchen zu liberal“	https://www.pro-medienmagazin.de/christival-manchen-zu-fromm-manchen-zu-liberal/	2026-06-12T09:00:00+00:00
https://www.pro-medienmagazin.de/feed/	pro Medienmagazin	DE	NEWS	Ungebrochen dank des jüdischen Glaubens	https://www.pro-medienmagazin.de/ungebrochen-dank-des-juedischen-glaubens/	2026-06-12T08:00:00+00:00
https://www.pro-medienmagazin.de/feed/	pro Medienmagazin	DE	NEWS	NDR scheitert an der Weltbild-Frage	https://www.pro-medienmagazin.de/ndr-bericht-missionsschiff-logos-hope-hamburg/	2026-06-12T07:00:00+00:00
https://www.pro-medienmagazin.de/feed/	pro Medienmagazin	DE	NEWS	Warum der christliche Glaube Fußballprofis stärkt	https://www.pro-medienmagazin.de/warum-der-christliche-glaube-fussballprofis-staerkt/	2026-06-11T13:12:58+00:00
https://www.pro-medienmagazin.de/feed/	pro Medienmagazin	DE	NEWS	Pop-Up-Seelsorge mit Bierzeltgarnitur	https://www.pro-medienmagazin.de/pop-up-seelsorge-mit-bierzeltgarnitur/	2026-06-11T12:50:55+00:00
https://www.pro-medienmagazin.de/feed/	pro Medienmagazin	DE	NEWS	Papst segnet höchsten Kirchturm der Welt	https://www.pro-medienmagazin.de/papst-segnet-hoechsten-kirchturm-der-welt/	2026-06-11T10:07:34+00:00
https://www.pro-medienmagazin.de/feed/	pro Medienmagazin	DE	NEWS	Ethikrat spricht sich gegen Social-Media-Verbot aus	https://www.pro-medienmagazin.de/ethikrat-spricht-sich-gegen-social-media-verbot-aus/	2026-06-11T09:16:00+00:00
https://www.pro-medienmagazin.de/feed/	pro Medienmagazin	DE	NEWS	„Streitbar“, aber „würdig“: Dieter Nuhr mit Leo-Baeck-Preis geehrt	https://www.pro-medienmagazin.de/streitbar-aber-wuerdig-dieter-nuhr-mit-leo-baeck-preis-geehrt/	2026-06-11T08:40:01+00:00
https://www.pro-medienmagazin.de/feed/	pro Medienmagazin	DE	NEWS	Urteil gegen Prediger wegen Volksverhetzung rechtskräftig	https://www.pro-medienmagazin.de/urteil-gegen-prediger-wegen-volksverhetzung-rechtskraeftig/	2026-06-10T13:20:15+00:00
https://www.pro-medienmagazin.de/feed/	pro Medienmagazin	DE	NEWS	Das Gottvertrauen des Welttorhüters	https://www.pro-medienmagazin.de/das-gottvertrauen-des-welttorhueters/	2026-06-10T05:19:00+00:00
https://www.pro-medienmagazin.de/feed/	pro Medienmagazin	DE	NEWS	„OM“ weist NDR-Darstellung deutlich zurück	https://www.pro-medienmagazin.de/om-weist-ndr-darstellung-deutlich-zurueck/	2026-06-09T21:17:14+00:00
https://www.pro-medienmagazin.de/feed/	pro Medienmagazin	DE	NEWS	Curaçaos Nationalelf startet mit Gebet in die WM	https://www.pro-medienmagazin.de/curacaos-nationalelf-startet-mit-gebet-in-die-wm/	2026-06-09T14:02:02+00:00
https://www.christiantoday.co.jp/rss	クリスチャントゥデイ	JA	NEWS	日本人に寄り添う福音宣教の扉（２５０）未信者とセカンドチャンスに潜む大きな課題　広田信也	https://www.christiantoday.co.jp/articles/36002/20260613/nihonjin-ni-yorisou-250.htm	2026-06-13T12:47:26
https://www.christiantoday.co.jp/rss	クリスチャントゥデイ	JA	NEWS	米南部バプテスト連盟、女性牧師禁止強化の教憲修正案可決　来年再可決されれば正式決定	https://www.christiantoday.co.jp/articles/36001/20260612/sbc-approves-amendment-strengthening-ban-on-women-pastors.htm	2026-06-12T23:16:23
https://www.christiantoday.co.jp/rss	クリスチャントゥデイ	JA	NEWS	ワールドミッションレポート（６月１２日）：トルコ　共同体に留まり内側から変える─文化の衣をまとったイエスの弟子たち	https://www.christiantoday.co.jp/articles/35999/20260612/world-mission-report-june-12.htm	2026-06-12T19:58:33
https://www.christiantoday.co.jp/rss	クリスチャントゥデイ	JA	NEWS	チャイルド・ファンド、フィリピン地震の緊急支援を開始　寄付募集	https://www.christiantoday.co.jp/articles/35998/20260611/child-fund-philippines-earthquake-emergency-support.htm	2026-06-11T19:28:55
https://www.christiantoday.co.jp/rss	クリスチャントゥデイ	JA	NEWS	天に思いをはせて（８）教会生活　星野ひかり	https://www.christiantoday.co.jp/articles/35997/20260611/thoughts-to-the-heavens-8.htm	2026-06-11T18:37:25
https://www.christiantoday.co.jp/rss	クリスチャントゥデイ	JA	NEWS	主に倣って豊かにまく者となろう　万代栄嗣	https://www.christiantoday.co.jp/articles/35996/20260611/eiji-mandai.htm	2026-06-11T17:03:10
https://www.christiantoday.co.jp/rss	クリスチャントゥデイ	JA	NEWS	日ごとのパンを求めて―ジョージ・ミュラーの生涯（５）私は罪びとです！	https://www.christiantoday.co.jp/articles/35995/20260611/life-of-george-muller-5.htm	2026-06-11T16:23:02
https://www.christiantoday.co.jp/rss	クリスチャントゥデイ	JA	NEWS	ワールドミッションレポート（６月１１日）：インドネシアのモリ族のために祈ろう	https://www.christiantoday.co.jp/articles/35994/20260611/world-mission-report-june-11.htm	2026-06-11T11:51:28
https://www.christiantoday.co.jp/rss	クリスチャントゥデイ	JA	NEWS	うめき叫ぶ（その２）出エジプト記２章２３、２４節　藤崎裕之	https://www.christiantoday.co.jp/articles/35993/20260610/absurd-death-and-unknowable-light-98.htm	2026-06-10T23:32:49
https://www.christiantoday.co.jp/rss	クリスチャントゥデイ	JA	NEWS	ワールドミッションレポート（６月１０日）：バングラデシュ　権力の空白に潜む暴力─恐怖の中で御名を握りしめる者たち	https://www.christiantoday.co.jp/articles/35992/20260610/world-mission-report-june-10.htm	2026-06-10T23:03:05
https://www.christiantoday.co.jp/rss	クリスチャントゥデイ	JA	NEWS	英イングランドのカトリック教会とペンテコステ派が初の公式対話	https://www.christiantoday.co.jp/articles/35991/20260610/catholics-pentecostals-in-england-first-official-talks.htm	2026-06-10T16:33:10
https://www.christiantoday.co.jp/rss	クリスチャントゥデイ	JA	NEWS	篠原元のミニコラム・聖書をもっと！深く！！（２８２）聖書と考える「１０回切って倒れない木はない」	https://www.christiantoday.co.jp/articles/35990/20260609/seisyo-wo-motto-fukaku-282.htm	2026-06-09T21:28:31
https://www.christiantoday.co.jp/rss	クリスチャントゥデイ	JA	NEWS	ワールドミッションレポート（６月９日）：米国　壁を超える福音─塀の中で広がる新しい命	https://www.christiantoday.co.jp/articles/35989/20260609/world-mission-report-june-9.htm	2026-06-09T20:01:37
https://www.christiantoday.co.jp/rss	クリスチャントゥデイ	JA	NEWS	ウクライナ政府高官、ロシア正教会を世界教会協議会から除名するよう要求	https://www.christiantoday.co.jp/articles/35988/20260609/ukrainian-official-russian-orthodox-church-wcc.htm	2026-06-09T16:07:13
https://www.christiantoday.co.jp/rss	クリスチャントゥデイ	JA	NEWS	人がこの世に生まれた理由　菅野直基	https://www.christiantoday.co.jp/articles/35987/20260608/naoki-kanno.htm	2026-06-08T19:31:27
https://www.kidok.com/rss/allArticle.xml	기독신문	KO	NEWS	이서중앙교회가 채워온 지난 12년의 시간들	https://www.kidok.com/news/articleView.html?idxno=507590	2026-06-09T17:49:33
https://www.kidok.com/rss/allArticle.xml	기독신문	KO	NEWS	“교회, 마을 돌봄 공동체의 연결점 돼야”	https://www.kidok.com/news/articleView.html?idxno=507578	2026-06-09T17:42:26
https://www.kidok.com/rss/allArticle.xml	기독신문	KO	NEWS	청주에 모인 쥬빌리, 복음통일 기도 이어갔다	https://www.kidok.com/news/articleView.html?idxno=507606	2026-06-09T17:40:24
https://www.kidok.com/rss/allArticle.xml	기독신문	KO	NEWS	보아스합창단 창단 40주년 ‘감사음악회’ 개최	https://www.kidok.com/news/articleView.html?idxno=507616	2026-06-09T17:32:10
https://www.kidok.com/rss/allArticle.xml	기독신문	KO	NEWS	전남교계, 성평등 기본조례안 폐기 촉구	https://www.kidok.com/news/articleView.html?idxno=507562	2026-06-09T17:30:26
https://www.kidok.com/rss/allArticle.xml	기독신문	KO	NEWS	AI시대 기독교의 본질과 미래 탐구	https://www.kidok.com/news/articleView.html?idxno=507553	2026-06-09T17:29:11
https://www.kidok.com/rss/allArticle.xml	기독신문	KO	NEWS	“신학 넘어 언어학까지 영향 미칠 것”	https://www.kidok.com/news/articleView.html?idxno=507630	2026-06-09T17:25:46
https://www.kidok.com/rss/allArticle.xml	기독신문	KO	NEWS	김정우 교수 ‘성경연구의 기초석’ 또 세웠다	https://www.kidok.com/news/articleView.html?idxno=507631	2026-06-09T17:23:53
https://www.kidok.com/rss/allArticle.xml	기독신문	KO	NEWS	이성화 목사, 전국17개 기총련 대표총회장	https://www.kidok.com/news/articleView.html?idxno=507580	2026-06-09T17:18:10
https://www.kidok.com/rss/allArticle.xml	기독신문	KO	NEWS	“존재의 고마움이 곧 하나님 나라 법칙”	https://www.kidok.com/news/articleView.html?idxno=507544	2026-06-09T17:15:29
https://www.kidok.com/rss/allArticle.xml	기독신문	KO	NEWS	“저는 학생들에게 ‘늙은 친구’이고 싶습니다”	https://www.kidok.com/news/articleView.html?idxno=507563	2026-06-09T17:11:41
https://www.kidok.com/rss/allArticle.xml	기독신문	KO	NEWS	[좋은 씨앗] 체인지 메이커의 시대	https://www.kidok.com/news/articleView.html?idxno=507568	2026-06-09T17:06:01
https://www.kidok.com/rss/allArticle.xml	기독신문	KO	NEWS	[목회칼럼] 물음표에서 느낌표로	https://www.kidok.com/news/articleView.html?idxno=507577	2026-06-09T17:04:36
https://www.kidok.com/rss/allArticle.xml	기독신문	KO	NEWS	[성도의 바른 말 바른 글] (21)외래어 스트레스	https://www.kidok.com/news/articleView.html?idxno=507541	2026-06-09T17:00:39
https://www.kidok.com/rss/allArticle.xml	기독신문	KO	NEWS	[우리시대의 크리스천] 성과 중심의 세상에 하나님 나라 경영을 심다	https://www.kidok.com/news/articleView.html?idxno=507534	2026-06-09T16:59:03
https://www.newsnjoy.or.kr/rss/allArticle.xml	뉴스앤조이	KO	NEWS	"청년들 성경 공부했다고 일평생을 이렇게…" 한울회 사건 '재심의 재심' 시작	https://www.newsnjoy.or.kr/news/articleView.html?idxno=400546	2026-06-12T09:52:35
https://www.newsnjoy.or.kr/rss/allArticle.xml	뉴스앤조이	KO	NEWS	기장 "투표용지 부족 사태, 선관위 구조적 문제 드러나"	https://www.newsnjoy.or.kr/news/articleView.html?idxno=400545	2026-06-11T16:42:50
https://www.newsnjoy.or.kr/rss/allArticle.xml	뉴스앤조이	KO	NEWS	점점 늘어나는 재선거 시위대 속 기독교 집회…"누가 뭐라든 기도할 자유 있어"	https://www.newsnjoy.or.kr/news/articleView.html?idxno=400542	2026-06-11T10:11:46
https://www.newsnjoy.or.kr/rss/allArticle.xml	뉴스앤조이	KO	NEWS	청년을 탓하기 전에, 교회는 무엇을 했나 [김예원의 다른 시선]	https://www.newsnjoy.or.kr/news/articleView.html?idxno=400543	2026-06-10T19:28:09
https://www.newsnjoy.or.kr/rss/allArticle.xml	뉴스앤조이	KO	NEWS	'20억 원대 횡령' 논란 합성교회 갈등 장기화 "교인들 상처받고 다 떠나"	https://www.newsnjoy.or.kr/news/articleView.html?idxno=400541	2026-06-10T19:11:12
https://www.newsnjoy.or.kr/rss/allArticle.xml	뉴스앤조이	KO	NEWS	주요 교단 신학교, 6·3 투표용지 부족 사태 성명 발표	https://www.newsnjoy.or.kr/news/articleView.html?idxno=400539	2026-06-09T17:31:00
https://www.newsnjoy.or.kr/rss/allArticle.xml	뉴스앤조이	KO	NEWS	[1일1책] 신앙의 혼란·불안·중독에서 빠져나와 어른이 되는 길	https://www.newsnjoy.or.kr/news/articleView.html?idxno=400538	2026-06-09T17:14:47
https://www.newsnjoy.or.kr/rss/allArticle.xml	뉴스앤조이	KO	NEWS	[주간 뉴스 브리핑] 난데없이 재점화된 여의도순복음교회 이영훈 목사 불륜 의혹	https://www.newsnjoy.or.kr/news/articleView.html?idxno=400536	2026-06-09T08:30:00
https://www.newsnjoy.or.kr/rss/allArticle.xml	뉴스앤조이	KO	NEWS	"취지·본질 흐려"…예배·찬양 기독교인 불편하게 보는 재선거 시위대	https://www.newsnjoy.or.kr/news/articleView.html?idxno=400535	2026-06-08T22:43:16
https://www.newsnjoy.or.kr/rss/allArticle.xml	뉴스앤조이	KO	NEWS	남포교회, 박영선 목사 사택 잠실 우성아파트 환수 결정	https://www.newsnjoy.or.kr/news/articleView.html?idxno=400534	2026-06-08T21:52:28
https://www.newsnjoy.or.kr/rss/allArticle.xml	뉴스앤조이	KO	NEWS	교인 90%가 청년인 교회에서 환경 운동하는 방법	https://www.newsnjoy.or.kr/news/articleView.html?idxno=400533	2026-06-07T07:00:00
https://www.newsnjoy.or.kr/rss/allArticle.xml	뉴스앤조이	KO	NEWS	도둑이 만든 명화 [최주훈 목사의 명화 이야기]	https://www.newsnjoy.or.kr/news/articleView.html?idxno=400532	2026-06-06T09:05:57
https://www.newsnjoy.or.kr/rss/allArticle.xml	뉴스앤조이	KO	NEWS	[성령강림절 후 제2주] 내가 바라는 것	https://www.newsnjoy.or.kr/news/articleView.html?idxno=400531	2026-06-05T08:53:49
https://www.newsnjoy.or.kr/rss/allArticle.xml	뉴스앤조이	KO	NEWS	"유신진화론 믿으면 이단" 기독교대한성결교회, 2년 만에 결국 진화론 정죄	https://www.newsnjoy.or.kr/news/articleView.html?idxno=400529	2026-06-04T17:08:00
https://www.newsnjoy.or.kr/rss/allArticle.xml	뉴스앤조이	KO	NEWS	선거가 끝나고 난 뒤 해야 할 일 [박제민의 경계에서]	https://www.newsnjoy.or.kr/news/articleView.html?idxno=400528	2026-06-04T11:54:06
https://www.christiantoday.co.kr/rss	크리스천투데이	KO	NEWS	BTS 아미는 부산으로, 기도운동 청소년들은 서울광장으로	https://www.christiantoday.co.kr/news/375640	2026-06-13T07:01:41
https://www.christiantoday.co.kr/rss	크리스천투데이	KO	NEWS	에이치루브, 사랑의장기기증운동본부와 업무협약	https://www.christiantoday.co.kr/news/375639	2026-06-13T07:05:54
https://www.christiantoday.co.kr/rss	크리스천투데이	KO	NEWS	이재훈 목사 “교회, 정통성과 선교적 소명 되찾아야”	https://www.christiantoday.co.kr/news/375638	2026-06-13T07:03:38
https://www.christiantoday.co.kr/rss	크리스천투데이	KO	NEWS	한동대, 의료보건 동문 단체 청년한동과 업무협약	https://www.christiantoday.co.kr/news/375637	2026-06-13T07:05:08
https://www.christiantoday.co.kr/rss	크리스천투데이	KO	NEWS	의인 10명만 있으면, 하나님께서 이 나라 살리실 것입니다	https://www.christiantoday.co.kr/news/375636	2026-06-13T07:07:57
https://www.christiantoday.co.kr/rss	크리스천투데이	KO	NEWS	AX 시대, 교회가 감당해야 할 중요한 사명	https://www.christiantoday.co.kr/news/375635	2026-06-13T07:06:45
https://www.christiantoday.co.kr/rss	크리스천투데이	KO	NEWS	이탈리아인 70% 안락사 지지… 복음주의 교계 “생명 보존이 기준 돼야”	https://www.christiantoday.co.kr/news/375634	2026-06-12T17:46:19
https://www.christiantoday.co.kr/rss	크리스천투데이	KO	NEWS	통합 평남노회, 기아대책과 ‘온교회 프로젝트’ 업무 협약	https://www.christiantoday.co.kr/news/375633	2026-06-12T17:22:18
https://www.christiantoday.co.kr/rss	크리스천투데이	KO	NEWS	‘동성 간 사실혼 인정’에 “혼인·가족제도 근간 훼손”	https://www.christiantoday.co.kr/news/375632	2026-06-12T17:21:32
https://www.christiantoday.co.kr/rss	크리스천투데이	KO	NEWS	투표용지 사태에 침묵하는 신학 강단, ‘맛 잃은 소금’의 비극	https://www.christiantoday.co.kr/news/375631	2026-06-12T17:23:33
https://www.christiantoday.co.kr/rss	크리스천투데이	KO	NEWS	美 남침례회, 총회서 반유대주의·안락사·여목사 등 주요 안건 다뤄	https://www.christiantoday.co.kr/news/375630	2026-06-12T17:32:01
https://www.christiantoday.co.kr/rss	크리스천투데이	KO	NEWS	재한 이란인 목사 “이란 전쟁, 침략 아닌 ‘9천만 구출 작전’”	https://www.christiantoday.co.kr/news/375629	2026-06-13T07:00:42
https://www.christiantoday.co.kr/rss	크리스천투데이	KO	NEWS	교계·시민사회 단체들 “투표용지 부족 사태 철저히 규명해야”	https://www.christiantoday.co.kr/news/375628	2026-06-12T17:18:14
https://www.christiantoday.co.kr/rss	크리스천투데이	KO	NEWS	케냐, 마드라사·꾸란학교 공교육 편입 추진… 기독교계 “특정 종교 특혜 우려”	https://www.christiantoday.co.kr/news/375627	2026-06-12T17:43:18
https://www.christiantoday.co.kr/rss	크리스천투데이	KO	NEWS	총신대생들 “부정선거 원천무효, 전면 재선거” 시국선언	https://www.christiantoday.co.kr/news/375626	2026-06-12T15:12:14
