feed_url	site_name	lang	feed_kind	title	item_url	published	collected
	East End church of Christ	ZH	YOUTUBE	¿Qué tierra se le dio a la tribu de Benjamín? | Josué 18:1-28 | Lección 23	https://www.youtube.com/watch?v=xzuS6MsjZV0	2023-05-03	2026-06-14
	The Covenant Churches NZ	ZH	YOUTUBE	De Ben-Oni a Benjamín: QT Sharing, 16 de octubre de 2022, Génesis 35:16-29	https://www.youtube.com/watch?v=lM70R5ntLv0	2022-10-15	2026-06-14
	알럽바이블	KO	YOUTUBE	[Historia bíblica 086] Las bodas de Caná, Historia bíblica de CBS	https://www.youtube.com/watch?v=cFSRvPRva5Y	2023-01-11	2023-01-11
	다윗의시	KO	YOUTUBE	Meditación y alabanza con historias bíblicas / Las bodas de Caná: ¡Que comience el milagro! | Las bodas de Caná: El agua se convirtió en vino.	https://www.youtube.com/watch?v=PPLzsmgEJ80	2026-04-12	2026-04-12
	John Hilton III	EN	YOUTUBE	Enseñando con los elegidos: Jesús y las bodas de Caná, Juan 2:1-11	https://www.youtube.com/watch?v=H3R0Mkx8rrc	2022-12-14	2022-12-14
	Animated Biblical Tales	EN	YOUTUBE	Jesús convierte el agua en vino | Bodas de Caná | Animación con IA	https://www.youtube.com/watch?v=n6LcOJM9llg	2025-06-26	2025-06-26
	Holy Landmarks	EN	YOUTUBE	¿Qué significa Caná en la Biblia? | Lugares Sagrados	https://www.youtube.com/watch?v=C7eSu-cxvq8	2025-08-19	2025-08-19
	Shamounian Explains	EN	YOUTUBE	El significado oculto de la boda de Caná en la Biblia | Sam Shamoun	https://www.youtube.com/watch?v=oDD9j6y9JnU	2024-08-09	2024-08-09
	영광장로교회	KO	YOUTUBE	¿Recibió Onán el juicio de Dios por haberse retirado? (Génesis 38:8-9)	https://www.youtube.com/watch?v=8MteXKoIKXE	2023-01-11	2023-01-11
	베들레헴 떡집	KO	YOUTUBE	Exposición del Génesis 54: La muerte de Onán establecida en la Tierra.	https://www.youtube.com/watch?v=syiepQpDCRQ	2021-06-26	2021-06-26
	The Bible Show	EN	YOUTUBE	Ep. 62. Génesis 38: Judá y Tamar: Dios redime los malvados planes.	https://www.youtube.com/watch?v=hXkB4ucoKtk	2025-08-20	2025-08-20
	Dan McClellan	EN	YOUTUBE	¿Por qué mató Dios a Onán?	https://www.youtube.com/watch?v=nnhcQJjHAQQ	2024-06-17	2024-06-17
	Dan McClellan	EN	YOUTUBE	¿Por qué Dios mató a Onán?	https://www.youtube.com/watch?v=JgNMdZnwl98	2023-04-21	2023-04-21
	Christianity Still Makes Sense	EN	YOUTUBE	218. ¿Cuál fue el pecado de Onán?	https://www.youtube.com/watch?v=xciPY-hR3QU	2013-02-13	2013-02-13
	성경김승호	KO	YOUTUBE	Génesis 38:2 Judá se casó con la hija de Súa 2023 08 26 14 18 08	https://www.youtube.com/watch?v=55uQLk4n0lo	2023-08-26	2023-08-26
	정진용 목사의 말들아 - 말씀묵상 채널	KO	YOUTUBE	Números, capítulo 4: La actitud que se debe adoptar al cumplir la misión y después.	https://www.youtube.com/watch?v=V98yNjXlRw4	2022-05-29	2026-06-05
	와싱톤중앙장로교회	KO	YOUTUBE	Números 29:12-40 | Padre Nuestro, rico en amor y gracia | Reverendo Han Jeong-min (16/05/2023)	https://www.youtube.com/watch?v=LPnKUAM8PQo	2023-05-16	2026-06-05
	광야교회 / 김 찬제 목사 / 강해설교	KO	YOUTUBE	Números 4:29–33 (El sacerdocio de los descendientes de Merari)	https://www.youtube.com/watch?v=Ng7tJtLD9O4	2024-04-18	2026-06-05
	Sharon RP Church	EN	YOUTUBE	Números 4:29-33 Deberes de los hijos de Merari	https://www.youtube.com/watch?v=vgdCdN4SKHw	2024-02-08	2026-06-05
	한남제일교회	KO	YOUTUBE	Sermón de 3 minutos | Números 21:4-9 "La serpiente de bronce" Rev. Chang-woo Oh, Iglesia Hannam Jeil 220731	https://www.youtube.com/watch?v=EZT45MYqBgk	2022-08-06	2026-06-05
	새문안교회	KO	YOUTUBE	[Meditación sobre Números del Reverendo Lee Sang-hak de la Iglesia Saemunan (25)] Todo aquel que sea mordido y lo mire vivirá (Números 21:4-9)	https://www.youtube.com/watch?v=CVs0x9eRKfQ	2021-02-19	2026-06-05
	East End church of Christ	EN	YOUTUBE	¿Quién supervisaba el servicio de los gersonitas? [Números 4:21-28][Lección 17][WTTB]	https://www.youtube.com/watch?v=8YCsAXX0fGI	2020-11-29	2026-06-05
	SamilChurch삼일교회	KO	YOUTUBE	6 de enero de 2023 / Madrugada / Números 4:1-16 / 'La mente del principiante' / Pastor Geum Woon-seop	https://www.youtube.com/watch?v=S4gL2dMIvts	2023-01-05	2026-06-05
	매일성경 큐티 최신일 목사	KO	YOUTUBE	[#DailyBibleQT] | 6 de enero (viernes) | #Números 4:1-33 "Santo trabajo" [Compartir las Escrituras en 10 minutos]	https://www.youtube.com/watch?v=opiMON3Ccqs	2023-01-05	2026-06-05
	매일성경큐티하기	KO	YOUTUBE	Números 4:1-33, Morirán - #BibliaDiaria #QT #SermónMatutino	https://www.youtube.com/watch?v=J3m5Fzb053M	2023-01-04	2026-06-05
	East End church of Christ	EN	YOUTUBE	¿Quién supervisaba el servicio de los meraritas? [Números 4:29-33][Lección 18][WTTB]	https://www.youtube.com/watch?v=UUUO0dhWMbQ	2020-11-30	2026-06-05
	SamilChurch삼일교회	KO	YOUTUBE	4 de mayo de 2023 / Amanecer del jueves / Números 22:21-35 / 'Balaam, peor que un burro' / Pastor Choi Myung-gil	https://www.youtube.com/watch?v=-hJ0HOFXpt4	2023-05-03	2026-06-05
	알럽바이블	KO	YOUTUBE	[Historia bíblica 055] David contra Goliat, Cuento de hadas bíblico de CBS	https://www.youtube.com/watch?v=6zmdP598SMg	2022-07-13	2022-07-13
	감자공주의 동화나라	KO	YOUTUBE	[La historia bíblica de la Princesa de la Papa] David y Goliat	https://www.youtube.com/watch?v=_d7uKOi3IOg	2023-06-05	2023-06-05
	CBN KOREA SUPERBOOK	KO	YOUTUBE	¡Superlibro! | David y Goliat ★¡Échale un vistazo también en formato libro!★	https://www.youtube.com/watch?v=_EL-1J6O7b8	2021-09-10	2021-09-10
	Geethanjali Kids - Rhymes and Stories	EN	YOUTUBE	David y Goliat | Historias bíblicas populares | Cuentos sagrados - Historias bíblicas para niños | Dibujos animados	https://www.youtube.com/watch?v=TSEkqCXNePM	2017-08-26	2017-08-26
	성경으로 읽는 세상	KO	YOUTUBE	[Estudio bíblico] La escalofriante advertencia que Caín, el primer asesino de la humanidad, nos envía en 2026	https://www.youtube.com/watch?v=HQuE-xDYVkQ	2026-02-14	2026-02-14
	조한뜻	KO	YOUTUBE	[Mi Amada Biblia 18] Rahab, la que fue salva	https://www.youtube.com/watch?v=UhbWk4M4x3M	2018-09-18	2018-09-18
	CGN KIDS	KO	YOUTUBE	[Antiguo Testamento] 41. Rahab @Duranno Historia Bíblica Día 26	https://www.youtube.com/watch?v=O1hYxEtykjg	2017-06-30	2017-06-30
	Charity Baptist Church	KO	YOUTUBE	¿No lograron expulsar a los cananeos, o no los expulsaron? (Jueces 1:27), NVI, KRV, King James Bible Análisis comparativo Episodio 5, Pastor Jeong Dong-soo	https://www.youtube.com/watch?v=HsMUQccZSb0	2025-06-04	2025-06-04
	MED BIBLE	KO	YOUTUBE	¡El secreto de las 7 tribus cananeas, enemigas de Israel!	https://www.youtube.com/watch?v=Yn3M_97Z3Z0	2025-11-11	2025-11-11
	초청교회	KO	YOUTUBE	[Geografía bíblica] Comprender las características geográficas de Canaán [Proyecto de lectura para el estudio bíblico n.° 26]	https://www.youtube.com/watch?v=pjMWkWHzr6A	2021-02-24	2021-02-24
	회개와천국복음[정보배]	KO	YOUTUBE	[Domingo por la tarde] ¿Cuál es el significado espiritual de las siete tribus cananeas que debemos expulsar? (Deuteronomio 7:1–5) _ Rev. Jeong Byeong-jin, Iglesia Dongtan Myeongseong	https://www.youtube.com/watch?v=exPdGMhKD8U	2023-03-05	2023-03-05
	History with Cy	EN	YOUTUBE	Breve historia del antiguo Canaán y los pueblos cananeos (c. 7000-539 a. C.)	https://www.youtube.com/watch?v=F6rs78Sovfc	2024-09-12	2024-09-12
	The Christian Channel	EN	YOUTUBE	Los orígenes de los cananeos y los horribles dioses que adoraban.	https://www.youtube.com/watch?v=Wv5Ba8Ashpc	2025-06-11	2025-06-11
	Unraveling the Scriptures	EN	YOUTUBE	La verdad sobre Canaán en la Biblia: Los cananeos en las profecías bíblicas	https://www.youtube.com/watch?v=2_plLFVemvE	2025-02-20	2025-02-20
	The Inquisitive Bible Reader	EN	YOUTUBE	Los cananeos en la historia y la Biblia	https://www.youtube.com/watch?v=ldCWtO8uNjs	2023-09-20	2023-09-20
	평화교회	KO	YOUTUBE	[Una pizca de conocimiento bíblico] Pedro y las regiones (Betaida, Cafarnaúm)	https://www.youtube.com/watch?v=kNxhH7lCjm0	2020-07-02	2020-07-02
	알럽바이블	KO	YOUTUBE	[Historia bíblica 071] Jonás dentro del vientre del pez, Historia bíblica de CBS	https://www.youtube.com/watch?v=LRrQLvaA4hA	2022-11-02	2022-11-02
	김명석 목사 - 강릉 주의숲교회	KO	YOUTUBE	[Devocional bíblico diario] 4 de mayo (lunes) Génesis 35:1-22	https://www.youtube.com/watch?v=eBKM2KaCCFU	2026-05-03	2026-05-21
	말씀 읽어주는목사	KO	YOUTUBE	Biblia diaria [Levítico 5:14 - 6:7] / Meditación bíblica diaria / La Biblia en Lenguaje Sencillo / Pastor Kim Ki-woong / Lectura diaria	https://www.youtube.com/watch?v=G60wqkIHDy4	2022-03-06	2026-05-18
	김명석 목사 - 강릉 주의숲교회	KO	YOUTUBE	Biblia diaria [Meditación con la Palabra QT #Lev] Levítico 5:14–6:7	https://www.youtube.com/watch?v=Ea76PDOjQX0	2022-03-06	2026-05-18
	The Scripture Revival	EN	YOUTUBE	Levítico 5 y 6: Culpa - Ofrenda por transgresión | Biblia visual | Lev 5: 14-19 y 6:1-7 | Perdón	https://www.youtube.com/watch?v=vsW6rgAvLxY	2023-06-03	2026-05-18
	East End church of Christ	EN	YOUTUBE	¿Cuál era la ofrenda por la transgresión que debía ofrecerse a Dios? [Levítico 5:14-19][Lección 14][WTTB]	https://www.youtube.com/watch?v=feOfaK1wk9s	2020-02-02	2026-05-18
	경향교회	KO	YOUTUBE	[Levítico] 5. La ofrenda de expiación Capítulo 5, 13–14	https://www.youtube.com/watch?v=ZJU53NyEFsw	2012-09-19	2026-05-18
	청파감리교회	KO	YOUTUBE	220401 (viernes) Levítico 5:5-7	https://www.youtube.com/watch?v=jtrxYkh_dbk	2022-03-31	2026-05-18
	매일성경큐티하기	KO	YOUTUBE	Levítico 5:1-13 El centro del corazón - Devocional bíblico diario Sermón matutino	https://www.youtube.com/watch?v=rE9nDg_hNN4	2022-03-05	2026-05-18
	The Scripture Revival	EN	YOUTUBE	Levítico 5: Ofrenda por el pecado del pobre | Biblia visual 4K (Lev: 1-13) | Ofrenda por el pecado de los plebeyos	https://www.youtube.com/watch?v=mtBCHNyMnHA	2023-05-16	2026-05-18
	Bible Study Journey: Understanding the Scriptures	EN	YOUTUBE	Explicación del capítulo 5 de Levítico (Justicia bíblica, ofrendas por la culpa y responsabilidad espiritual)	https://www.youtube.com/watch?v=JsQ5BWkrkPY	2024-01-13	2026-05-18
	성경한장	KO	YOUTUBE	Levítico Capítulo 4 "Ofrenda de expiación" Un capítulo de la Biblia	https://www.youtube.com/watch?v=alADJ3hNgCo	2021-09-28	2026-05-18
	SamilChurch삼일교회	KO	YOUTUBE	Levítico 4:1-12 Iglesia de Samil	https://www.youtube.com/watch?v=mSI3JZ_Pmv8	2022-03-03	2026-05-18
	김명석 목사 - 강릉 주의숲교회	KO	YOUTUBE	Levítico 4:1–21 Iglesia del Bosque del Señor	https://www.youtube.com/watch?v=tINqnhHwhkk	2022-03-03	2026-05-18
	Nairobi spaces and rooms FINDER	EN	YOUTUBE	Levítico 4: 1-35 Ofrendas por pecados involuntarios	https://www.youtube.com/watch?v=u-rluC2OFjs	2022-06-22	2026-05-18
	성경한장	KO	YOUTUBE	Levítico Capítulo 3 "Ofrenda de paz" - Un capítulo de la Biblia	https://www.youtube.com/watch?v=dRT0MfuLSPI	2021-09-27	2026-05-18
	박성민목사의 매일큐티묵상	KO	YOUTUBE	Levítico 3:1–17 El significado de la ofrenda de paz - Pastor Sungmin Park	https://www.youtube.com/watch?v=Nexjib9zYjE	2023-05-02	2026-05-18
	김명석 목사 - 강릉 주의숲교회	KO	YOUTUBE	Levítico 3:1–17 - Iglesia del Bosque del Señor	https://www.youtube.com/watch?v=GdJE8YemP5g	2022-03-02	2026-05-18
	PeaceTV	EN	YOUTUBE	Levítico 3 - Leyes para las ofrendas de paz | Podcast bíblico, David Alley, Iglesia Cristiana de la Paz	https://www.youtube.com/watch?v=FFH7KuxF13M	2021-04-03	2026-05-18
	HebrewHollandClass	EN	YOUTUBE	Levítico 3:1-17 La Ley de las Ofrendas de Paz	https://www.youtube.com/watch?v=_8M7JEgzzM0	2018-08-13	2026-05-18
	100주년기념교회	KO	YOUTUBE	Levítico 2:1-16 Oh Woong-sik - Iglesia Conmemorativa del Centenario	https://www.youtube.com/watch?v=Frvnwh0tWms	2022-06-29	2026-05-18
	성경한장	KO	YOUTUBE	Levítico Capítulo 2 "Ofrenda de moler" - Un capítulo de la Biblia	https://www.youtube.com/watch?v=L8c8NMAPkxE	2021-09-13	2026-05-18
	김명석 목사 - 강릉 주의숲교회	KO	YOUTUBE	Levítico 2:1–16 - Iglesia del Bosque del Señor	https://www.youtube.com/watch?v=1jPHmvNNgaQ	2022-03-01	2026-05-18
	성경한장	KO	YOUTUBE	Levítico Capítulo 1 "Holocausto" - Un capítulo de la Biblia	https://www.youtube.com/watch?v=KpeJz3uOZRo	2021-09-07	2026-05-18
	매일성경큐티하기	KO	YOUTUBE	Levítico 1:1-17 Conviértete en un sacrificio vivo y santo - Devocional bíblico diario	https://www.youtube.com/watch?v=Aka7LpK8HUs	2022-02-28	2026-05-18
	김명석 목사 - 강릉 주의숲교회	KO	YOUTUBE	Levítico 1:1–17 - Iglesia del Bosque del Señor	https://www.youtube.com/watch?v=Osbh7IMhFH0	2022-02-28	2026-05-18
	동네형QT_생명의삶	KO	YOUTUBE	Éxodo 40:34–38 - El hermano del vecindario QT	https://www.youtube.com/watch?v=a9j7uqVOixU	2021-07-18	2026-05-18
	새문안교회	KO	YOUTUBE	Éxodo 40:34–38 - Iglesia de Saemunan	https://www.youtube.com/watch?v=9Fsp9PMaEVA	2020-06-26	2026-05-18
	성경한장	KO	YOUTUBE	Éxodo Capítulo 40 "La conclusión del Éxodo: Emanuel" - Un capítulo de la Biblia	https://www.youtube.com/watch?v=50vLsoWt8j0	2022-05-19	2026-05-18
	박성민목사의 매일큐티묵상	KO	YOUTUBE	Éxodo 40:1-16 Ungir con aceite para santificarlo - QTin	https://www.youtube.com/watch?v=DV9GwRP0uqk	2022-12-01	2026-05-18
	광야교회 / 김 찬제 목사 / 강해설교	KO	YOUTUBE	Éxodo 39:32–43 (El significado de la finalización del Tabernáculo) - Iglesia del Desierto	https://www.youtube.com/watch?v=BRETMhBK4mk	2023-10-09	2026-05-18
	세상의 빛 이레교회	KO	YOUTUBE	Éxodo 39:32-43 Luz del Mundo Iglesia Ireh	https://www.youtube.com/watch?v=K_cBi57Tq-0	2021-07-15	2026-05-18
	동네형QT_생명의삶	KO	YOUTUBE	Éxodo 39:22–31 [La identidad del adorador, la santidad a Jehová] - Dongnehyung	https://www.youtube.com/watch?v=DDmF13JnfMc	2021-07-14	2026-05-18
	김명석 목사 - 강릉 주의숲교회	KO	YOUTUBE	Éxodo 39:22–43 - Iglesia del Bosque del Señor	https://www.youtube.com/watch?v=5HytTjhei1A	2021-10-28	2026-05-18
	말씀 읽어주는목사	KO	YOUTUBE	Éxodo 39:22-43 - Lectura de la Palabra	https://www.youtube.com/watch?v=Y_hGSktAskQ	2021-10-28	2026-05-18
	큐티엠	KO	YOUTUBE	Éxodo 39:1-21 | Como el Señor ordenó | Pastor Yang-jae Kim	https://www.youtube.com/watch?v=hzo_spCQ_N0	2022-11-29	2026-05-18
	동네형QT_생명의삶	KO	YOUTUBE	Éxodo 39:32–43 [El Tabernáculo se completó mediante la obediencia, la bendición del Señor a través de Moisés] - Dongnehyung QT	https://www.youtube.com/watch?v=5OyNXsKySek	2021-07-15	2026-05-18
	의왕 말씀전원교회	KO	YOUTUBE	Éxodo 39:1-21 Las vestiduras del sumo sacerdote, el efod y el pectoral | Pastor Bang Seok-jin	https://www.youtube.com/watch?v=QZtHe1wcQLI	2021-10-28	2026-05-18
	왕림교회	KO	YOUTUBE	Éxodo 39:32–43_Iglesia de Wanglim	https://www.youtube.com/watch?v=No_MIrmLBws	2021-07-15	2026-05-18
	역사지리로 보는 성경	KO	YOUTUBE	Éxodo 39:1-21 Resumen del Tabernáculo: Vestiduras Sacerdotales	https://www.youtube.com/watch?v=KxQRjk6UVnc	2021-07-13	2026-05-18
	할렐루야교회Hallelujah Community Church	KO	YOUTUBE	Éxodo, capítulo 39 | Iglesia Aleluya	https://www.youtube.com/watch?v=FkcHdNMlUao	2022-03-30	2026-05-18
	매일성경큐티하기	KO	YOUTUBE	Éxodo 38:21-31, Doy sin reservas	https://www.youtube.com/watch?v=s2Y-7TWZHiQ	2021-10-26	2026-05-18
	세상의 빛 이레교회	KO	YOUTUBE	Éxodo 38:21-31 | Iglesia Luz del Mundo Ireh	https://www.youtube.com/watch?v=6-iASO5QHoY	2021-07-12	2026-05-18
	광야교회 / 김 찬제 목사 / 강해설교	KO	YOUTUBE	Éxodo 38:9–20 (El atrio del Tabernáculo y los muros del Tabernáculo)	https://www.youtube.com/watch?v=OzmR7-CkuZI	2023-10-09	2026-05-18
	매일성경 큐티 최신일 목사	KO	YOUTUBE	Éxodo 38:1-20 "Sacrificio completo y entrega total"	https://www.youtube.com/watch?v=Fq8CMPWLk0o	2021-10-25	2026-05-18
	성경한장	KO	YOUTUBE	Éxodo 38 "Construyendo el altar de los holocaustos, la pila de bronce y la cerca del tabernáculo"	https://www.youtube.com/watch?v=maaIi4fr0aE	2022-05-17	2026-05-18
	동네형QT_생명의삶	KO	YOUTUBE	Éxodo 38:1–20 [Incluso las cosas aparentemente triviales son grandes “según el camino de Dios”]	https://www.youtube.com/watch?v=QrbZibhmhDo	2021-07-11	2026-05-18
	의왕 말씀전원교회	KO	YOUTUBE	Éxodo 38:1-20 El altar del holocausto, la pila y la cerca del tabernáculo	https://www.youtube.com/watch?v=bwgobq9sWTE	2021-10-26	2026-05-18
	광야교회 / 김 찬제 목사 / 강해설교	KO	YOUTUBE	Éxodo 37:17–24 (Completado del candelabro)	https://www.youtube.com/watch?v=YUDOXo14SvY	2023-10-09	2026-05-18
	역사지리로 보는 성경	KO	YOUTUBE	Éxodo 37:17-29 El significado del candelabro y del altar del incienso	https://www.youtube.com/watch?v=L8V9WV5ByU4	2021-07-10	2026-05-18
	동네형QT_생명의삶	KO	YOUTUBE	Éxodo 37:17–29 [Mandamientos que se deben recordar durante la ejecución, según el camino de Dios]	https://www.youtube.com/watch?v=cbVSGjLdR4M	2021-07-10	2026-05-18
	매일성경 큐티 최신일 목사	KO	YOUTUBE	Éxodo, capítulo 37: "Los muebles de Jesús"	https://www.youtube.com/watch?v=cB7-vCxy_Qc	2021-10-24	2026-05-18
	성경한장	KO	YOUTUBE	Éxodo, capítulo 37: «La construcción del Arca de la Alianza, la mesa de los panes de la proposición, el candelabro y el altar del incienso» - Un capítulo de la Biblia	https://www.youtube.com/watch?v=F0SHWY5E6X8	2022-05-16	2026-05-18
	동네형QT_생명의삶	KO	YOUTUBE	Éxodo 37:1–16 [La comunidad como socios, los individuos como fieles]	https://www.youtube.com/watch?v=QWrK5hDxdpg	2021-07-09	2026-05-18
	세상의 빛 이레교회	KO	YOUTUBE	Éxodo 37:1-16 | Iglesia Luz del Mundo Ireh	https://www.youtube.com/watch?v=sEyKIZcIIyo	2021-07-09	2026-05-18
	말씀 읽어주는목사	KO	YOUTUBE	Éxodo 37:1-29 - Lectura de la Palabra	https://www.youtube.com/watch?v=Mo5hv3BTdgY	2021-10-24	2026-05-18
	형광펜성경	KO	YOUTUBE	Éxodo, capítulos 36-37 | Cubierto por dentro y por fuera con oro puro	https://www.youtube.com/watch?v=dxcsBgEAak4	2019-02-15	2026-05-18
	광야교회 / 김 찬제 목사 / 강해설교	KO	YOUTUBE	Éxodo 36:2–7 (Ofrendas abundantes)	https://www.youtube.com/watch?v=pfM4YjZYT8c	2023-10-09	2026-05-18
	박성민목사의 매일큐티묵상	KO	YOUTUBE	Éxodo 36:20–38 Estableciendo firmemente los muros y pilares	https://www.youtube.com/watch?v=A_OmO0K_nJo	2022-11-24	2026-05-18
	큐티엠	KO	YOUTUBE	Éxodo 36:20-38 | La construcción de la estructura del Tabernáculo | Pastor Yang-jae Kim	https://www.youtube.com/watch?v=Wv9Z3uJOS1w	2022-11-24	2026-05-18
	시흥교회	KO	YOUTUBE	Éxodo 36 Bajo la sombra del Todopoderoso - Pastor Kim Hyung-il	https://www.youtube.com/watch?v=nLeeW4zYk_M	2021-05-13	2026-05-18
	큐티엠	KO	YOUTUBE	Éxodo 36:8-19 Las dos cortinas y las dos cubiertas - Pastor Yang-jae Kim	https://www.youtube.com/watch?v=2JDtRivUnAI	2022-11-23	2026-05-18
	의왕 말씀전원교회	KO	YOUTUBE	Éxodo 36:8-38 La tienda que cubre el tabernáculo, las tablas de la estructura - Pastor Bang Seok-jin	https://www.youtube.com/watch?v=hlyXnCifrpo	2021-10-25	2026-05-18
	성경한장	KO	YOUTUBE	Éxodo, capítulo 36: "La construcción del tabernáculo".	https://www.youtube.com/watch?v=Iv94TgJfw0c	2022-05-15	2026-05-18
	광야교회 / 김 찬제 목사 / 강해설교	KO	YOUTUBE	Éxodo 36:1 (A los de corazón sabio)	https://www.youtube.com/watch?v=kwH5EHARXr4	2023-10-09	2026-05-18
	와플터치 - STUDIO WAFL	KO	YOUTUBE	Éxodo 36:1-7 - Toque de gofre	https://www.youtube.com/watch?v=vWmEoKBNA9k	2021-01-26	2026-05-18
	동네형QT_생명의삶	KO	YOUTUBE	Éxodo 35:30–36:7 El que llama por su nombre también da la capacidad de soportarlo - Hermano del Vecindario QT	https://www.youtube.com/watch?v=6HlqEf6OPZY	2021-07-07	2026-05-18
	다산동숭교회(강변동숭교회)	KO	YOUTUBE	Éxodo 35:20–29 Aquellos cuyos corazones se conmueven, aquellos que lo harán / Rev. Kim Seong-woo (Iglesia Gangbyeon Dongsung)	https://www.youtube.com/watch?v=rZ5AhlFJbHM	2021-07-06	2026-05-18
	새교회_조덕남목사	KO	YOUTUBE	Éxodo 35:20-29 ¿Dónde ponemos los valores? Pastor Jo Deok-nam	https://www.youtube.com/watch?v=QibTiT085Hg	2020-07-21	2026-05-18
	동네형QT_생명의삶	KO	YOUTUBE	Éxodo 35:20–29 [La respuesta de aquel que recibió la gracia, la devoción celosa y la obediencia]	https://www.youtube.com/watch?v=TkcyFdmj7Zw	2021-07-06	2026-05-18
	매일성경 큐티 최신일 목사	KO	YOUTUBE	Éxodo 35:1-19 "Descanso y servicio" [Compartir las Escrituras en 10 minutos]	https://www.youtube.com/watch?v=SbHWHo8tHCM	2021-10-20	2026-05-18
	매일성경 큐티 최신일 목사	KO	YOUTUBE	Éxodo 35:30-36:7 "Es tiempo de ofrecerse como voluntario."	https://www.youtube.com/watch?v=NCm87bBSwAU	2021-10-22	2026-05-18
	큐티엠	KO	YOUTUBE	Éxodo 35:20-29 | Para construir el Tabernáculo | Pastor Yang-jae Kim	https://www.youtube.com/watch?v=Th3JXuOgN-4	2022-11-21	2026-05-18
	큐티엠	KO	YOUTUBE	Éxodo 35:1-19 | El sábado y el tabernáculo | Pastor Yang-jae Kim	https://www.youtube.com/watch?v=8b7N_Qr6tUQ	2022-11-20	2026-05-18
	성경한장	KO	YOUTUBE	Éxodo 35: «El tabernáculo se edifica primero en el corazón» - Un capítulo de la Biblia	https://www.youtube.com/watch?v=coy4yoR-H6Q	2022-05-12	2026-05-18
	새교회_조덕남목사	KO	YOUTUBE	Éxodo 34:10–17 ¿Por qué habla tan a menudo? Pastor Jo Deok-nam	https://www.youtube.com/watch?v=vYBTvw1NMxA	2020-07-16	2026-05-18
	동네형QT_생명의삶	KO	YOUTUBE	Éxodo 34:10–26 [Si guardas el pacto de Dios, Dios te guardará]	https://www.youtube.com/watch?v=53RAOORzR1k	2021-07-03	2026-05-18
	100주년기념교회	KO	YOUTUBE	Éxodo 34:1-17 Iglesia Conmemorativa del Centenario Oh Woong-sik	https://www.youtube.com/watch?v=YvSLdBvU1VA	2022-06-13	2026-05-18
	김명석 목사 - 강릉 주의숲교회	KO	YOUTUBE	Éxodo 34:1–17	https://www.youtube.com/watch?v=RShNmmyE0bw	2021-10-18	2026-05-18
	박성민목사의 매일큐티묵상	KO	YOUTUBE	Éxodo 34:1-17 Hagan tablas de piedra de nuevo	https://www.youtube.com/watch?v=IYAAm4J_Jyc	2022-11-18	2026-05-18
	말씀 읽어주는목사	KO	YOUTUBE	Éxodo 33:12-23 Lectura bíblica	https://www.youtube.com/watch?v=3Sif5vRMMj0	2021-10-17	2026-05-18
	김명석 목사 - 강릉 주의숲교회	KO	YOUTUBE	Éxodo 33:12–23	https://www.youtube.com/watch?v=R7QRpLtRh48	2021-10-17	2026-05-18
	처치타임즈Church Times	KO	YOUTUBE	Éxodo 33:7-23 / Yo mismo iré (Mensaje: Dr. Son Seok-gu)	https://www.youtube.com/watch?v=PWlarKezxuM	2021-07-01	2026-05-18
	동네형QT_생명의삶	KO	YOUTUBE	Éxodo 33:12–23 [La presencia de Dios es verdadera gracia]	https://www.youtube.com/watch?v=NpvhKzk6CWk	2021-07-01	2026-05-18
	큐티엠	KO	YOUTUBE	Éxodo 33:1-11 | Como una conversación con un amigo | Pastor Yang-jae Kim	https://www.youtube.com/watch?v=pfWyp7vRZX8	2022-11-16	2026-05-18
	동네형QT_생명의삶	KO	YOUTUBE	Éxodo 33:1–11 La humildad ante el Señor es la esperanza del pecador.	https://www.youtube.com/watch?v=sC0vyOIrsZ4	2021-06-30	2026-05-18
	성경한장	KO	YOUTUBE	Éxodo 31: "La plenitud del Espíritu Santo es la capacidad de obedecer".	https://www.youtube.com/watch?v=iQGsVohgVBI	2022-05-08	2026-05-18
	말씀 읽어주는목사	KO	YOUTUBE	Éxodo 31:1-18 Lectura bíblica	https://www.youtube.com/watch?v=72gXDnMLMoI	2021-10-13	2026-05-18
	다움교회	KO	YOUTUBE	Éxodo 31:12–17 El Tabernáculo y el Sábado Pastor Yang Seung-eon	https://www.youtube.com/watch?v=kI5MQFbFGPo	2022-12-15	2026-05-18
	동네형QT_생명의삶	KO	YOUTUBE	Éxodo 31:12–18 [Una miniatura del mundo creado, el Tabernáculo como una nueva creación]	https://www.youtube.com/watch?v=TWKMAbiyVXc	2021-06-26	2026-05-18
	새교회_조덕남목사	KO	YOUTUBE	Éxodo 31:1–11 Tener talento y habilidades no significa que te utilicen - Pastor Jo Deok-nam	https://www.youtube.com/watch?v=Hr8Uhf1WMdM	2020-06-30	2026-05-18
	매일성경 큐티 최신일 목사	KO	YOUTUBE	Éxodo, capítulo 31: "El artista y el sábado".	https://www.youtube.com/watch?v=-jF7nQwSc7g	2021-10-13	2026-05-18
	광야교회 / 김 찬제 목사 / 강해설교	KO	YOUTUBE	Éxodo 30:34–38 (Incienso Sagrado)	https://www.youtube.com/watch?v=_4gpVrb8eA8	2023-09-06	2026-05-18
	매일성경 큐티 최신일 목사	KO	YOUTUBE	Éxodo 30:17-38 "El lavacro, el aceite de la unción, el incienso"	https://www.youtube.com/watch?v=WDS13jShtxM	2021-10-12	2026-05-18
	매일성경큐티하기	KO	YOUTUBE	Éxodo 30:17-38, ¿Qué hace que una persona sea santificada?	https://www.youtube.com/watch?v=o8YdfBzKsfo	2021-10-12	2026-05-18
	김명석 목사 - 강릉 주의숲교회	KO	YOUTUBE	Éxodo 30:17–38	https://www.youtube.com/watch?v=1kvJXSsUyNM	2021-10-12	2026-05-18
	광야교회 / 김 찬제 목사 / 강해설교	KO	YOUTUBE	Éxodo 30:11–16 (Rescate por la vida)	https://www.youtube.com/watch?v=oN9J-oWLAY4	2023-09-04	2026-05-18
	동네형QT_생명의삶	KO	YOUTUBE	Éxodo 30:1–16 [La expiación es necesaria para un encuentro con Dios]	https://www.youtube.com/watch?v=5yVjMWtrH4k	2021-06-23	2026-05-18
	김명석 목사 - 강릉 주의숲교회	KO	YOUTUBE	Éxodo 30:1–16	https://www.youtube.com/watch?v=3WbwU2LFc68	2021-10-11	2026-05-18
	박성민목사의 매일큐티묵상	KO	YOUTUBE	Éxodo 30:1–16 El altar del incienso, el rescate de la vida	https://www.youtube.com/watch?v=C938GmaZh1k	2022-11-11	2026-05-18
	큐티엠	KO	YOUTUBE	Éxodo 29:29-46 | Yo soy el SEÑOR su Dios | Pastor Yang-Jae Kim	https://www.youtube.com/watch?v=9_3ypoj4jj8	2022-11-10	2026-05-18
	김명석 목사 - 강릉 주의숲교회	KO	YOUTUBE	Éxodo 29:35–46	https://www.youtube.com/watch?v=kfqvacvak4c	2021-10-10	2026-05-18
	처치타임즈Church Times	KO	YOUTUBE	Éxodo 29:38-46 / Dios que desea encontrarse con nosotros cada día	https://www.youtube.com/watch?v=BMHzP4DO44o	2021-06-19	2026-05-18
	동네형QT_생명의삶	KO	YOUTUBE	Éxodo 29:38–46 [El propósito del siervo del pecado en la salvación, la santidad del pueblo del pacto]	https://www.youtube.com/watch?v=806jDdskrt8	2021-06-22	2026-05-18
	세상의 빛 이레교회	KO	YOUTUBE	Éxodo 29:38-46	https://www.youtube.com/watch?v=FFy24tr3chU	2021-06-22	2026-05-18
	성경한장	KO	YOUTUBE	Éxodo 29 "Ahora extiende tus brazos"	https://www.youtube.com/watch?v=qRPoGM-G-jY	2022-05-04	2026-05-18
	세상의 빛 이레교회	KO	YOUTUBE	Éxodo 29:10-37	https://www.youtube.com/watch?v=c7ue3HRl4nE	2021-06-21	2026-05-18
	의왕 말씀전원교회	KO	YOUTUBE	Éxodo 29:19-34 Santificad los oídos, las manos y los pies.	https://www.youtube.com/watch?v=zMu_KNkmhcw	2021-10-09	2026-05-18
	큐티엠	KO	YOUTUBE	Éxodo 29:19-28 | La ofrenda de paz en la ordenación de sacerdotes | Pastor Yang-jae Kim	https://www.youtube.com/watch?v=QYIwDAuCKWM	2022-11-09	2026-05-18
	박근상매일성경	KO	YOUTUBE	Éxodo 29:1-18 - Vestir y ungir con aceite	https://www.youtube.com/watch?v=XE2xaxU851M	2021-06-21	2026-05-18
	100주년기념교회	KO	YOUTUBE	Éxodo 29:1-25	https://www.youtube.com/watch?v=Gi0qqz2rS84	2022-05-31	2026-05-18
	처치타임즈Church Times	KO	YOUTUBE	Éxodo 28:31-43 / El Dios delicado (Mensaje: Dr. Son Seok-gu)	https://www.youtube.com/watch?v=mdlxxQOZZis	2021-06-17	2026-05-18
	SamilChurch삼일교회	KO	YOUTUBE	Éxodo 28:31-35	https://www.youtube.com/watch?v=DcoVylE15bc	2021-10-09	2026-05-18
	동네형QT_생명의삶	KO	YOUTUBE	Éxodo 28:15–30 [Dios, el Soberano y Guía de Todas las Decisiones]	https://www.youtube.com/watch?v=eGlRZGe_p7A	2021-06-18	2026-05-18
	말씀 읽어주는목사	KO	YOUTUBE	Éxodo 28:15-43 Lectura bíblica	https://www.youtube.com/watch?v=I2c4c1bz2KM	2021-10-07	2026-05-18
	김명석 목사 - 강릉 주의숲교회	KO	YOUTUBE	Éxodo 28:15–43	https://www.youtube.com/watch?v=jSKk0iESBrU	2021-10-07	2026-05-18
	천안 UBF	KO	YOUTUBE	Éxodo 28, parte 6: "¿Por qué los sacerdotes usan ropas interiores y exteriores sagradas?"	https://www.youtube.com/watch?v=P0c5mIPw698	2025-04-15	2026-05-18
	동네형QT_생명의삶	KO	YOUTUBE	Éxodo 28:31–43 [Las vestiduras del sacerdote, el servicio más seguro]	https://www.youtube.com/watch?v=QDutmslE_Zs	2021-06-19	2026-05-18
	동네형QT_생명의삶	KO	YOUTUBE	Éxodo 28:1–14 [Las vestiduras del sumo sacerdote, como un tabernáculo en miniatura]	https://www.youtube.com/watch?v=SKk_IXlbJTQ	2021-06-17	2026-05-18
	김명석 목사 - 강릉 주의숲교회	KO	YOUTUBE	Éxodo 28:1–14	https://www.youtube.com/watch?v=o9hqlPBDaZI	2021-10-06	2026-05-18
	새교회_조덕남목사	KO	YOUTUBE	Éxodo 27:1–8, 20–21 Acuérdate del altar vacío de los holocaustos.	https://www.youtube.com/watch?v=H8VvU2ZXPLA	2020-06-18	2026-05-18
	목포 광림교회	KO	YOUTUBE	Éxodo 27:20-21 para que la lámpara arda	https://www.youtube.com/watch?v=hwt82RtyIf8	2024-12-20	2026-05-18
	말씀 읽어주는목사	KO	YOUTUBE	Éxodo 27:1-21 Lectura bíblica	https://www.youtube.com/watch?v=PfRL9C349WE	2021-10-05	2026-05-18
	말씀삶공동체미디어	KO	YOUTUBE	Éxodo 27:1–8 Hagan un altar	https://www.youtube.com/watch?v=_j4Gh30HRGs	2023-09-17	2026-05-18
	다움교회	KO	YOUTUBE	Éxodo 27:9–19 El atrio del Tabernáculo	https://www.youtube.com/watch?v=Qw6_a9ySBaU	2022-11-17	2026-05-18
	현승원TV	KO	YOUTUBE	Organizaremos cuidadosamente las complejas vestiduras sacerdotales de los capítulos 27 al 29 del Éxodo.	https://www.youtube.com/watch?v=6E8rZhoxW2A	2024-01-15	2026-05-18
	Kairos TV	KO	YOUTUBE	Éxodo 27:1-21 | ¡Todos, sin excepción, deben pasar el juicio de Dios!	https://www.youtube.com/watch?v=2dLoTifc-Q4	2022-03-08	2026-05-18
	김명석 목사 - 강릉 주의숲교회	KO	YOUTUBE	Éxodo 27:1–21	https://www.youtube.com/watch?v=A5chjteDx2U	2021-10-05	2026-05-18
	예수님의신부TV	KO	YOUTUBE	[Éxodo, capítulos 21-26] La Ley de la Cerca, los Diez Mandamientos | La vida en el desierto | Tres fiestas | Pacto con Dios | Tabernáculo	https://www.youtube.com/watch?v=xulWUDBF6DU	2026-03-21	2026-05-18
	큐티엠	KO	YOUTUBE	Éxodo 26:1-14 | Formarán un solo tabernáculo | Pastor Yang-jae Kim	https://www.youtube.com/watch?v=YOGcx6_vajE	2022-11-03	2026-05-18
	큐티엠	KO	YOUTUBE	Éxodo 21:28-36 | Incluso en las pequeñas cosas de la vida | Pastor Yang-jae Kim	https://www.youtube.com/watch?v=IRKfwGPU0HI	2022-08-25	2026-05-18
	David Guzik	EN	YOUTUBE	Éxodo 26:31-37 - El velo del tabernáculo	https://www.youtube.com/watch?v=UhUR198Tk-k	2021-04-09	2026-05-18
	매일성경큐티하기	KO	YOUTUBE	Éxodo 26:1-37, Santos como tablas	https://www.youtube.com/watch?v=6VM2mDF2UoE	2021-10-04	2026-05-18
	동네형QT_생명의삶	KO	YOUTUBE	Éxodo 31:1–11 Obreros designados por Dios, colaboradores asignados por Dios	https://www.youtube.com/watch?v=WAt3c5EAeHc	2021-06-25	2026-05-18
	대전늘사랑교회	KO	YOUTUBE	Éxodo 26:15-37	https://www.youtube.com/watch?v=fTGTp1stshQ	2021-06-16	2026-05-18
	동네형QT_생명의삶	KO	YOUTUBE	Éxodo 26:15–37 [Honra siempre a Dios, el Rey de reyes.	https://www.youtube.com/watch?v=-SMoecktZcY	2021-06-15	2026-05-18
	세상의 빛 이레교회	KO	YOUTUBE	Éxodo 26:15-37	https://www.youtube.com/watch?v=LHBBR8fO_II	2021-06-15	2026-05-18
	예닮마을공동체TV & 언약교회	KO	YOUTUBE	Éxodo 26:15–30 “Para unirlas unas a otras... Hagan así todas las tablas del tabernáculo”.	https://www.youtube.com/watch?v=KFyJ7FbfipQ	2021-12-20	2026-05-18
	역사지리로 보는 성경	KO	YOUTUBE	Éxodo 26:1-14 La estructura y el significado de la cubierta del tabernáculo	https://www.youtube.com/watch?v=1WWko7j0pDY	2021-06-14	2026-05-18
	매일성경 큐티 최신일 목사	KO	YOUTUBE	Éxodo, capítulo 26: "El significado del tabernáculo"	https://www.youtube.com/watch?v=XaOxX6tvYhg	2021-10-04	2026-05-18
	성경한장	KO	YOUTUBE	Éxodo, capítulo 26: "El Tabernáculo"	https://www.youtube.com/watch?v=Ct-y2iTS85w	2022-05-01	2026-05-18
	큐티엠	KO	YOUTUBE	Éxodo 25:23-40	https://www.youtube.com/watch?v=42fP4AHog5Q	2022-11-02	2026-05-18
	100주년기념교회	KO	YOUTUBE	Éxodo 25:23-40	https://www.youtube.com/watch?v=2g9rUbS1Vt8	2022-05-25	2026-05-18
	동네형QT_생명의삶	KO	YOUTUBE	Éxodo 25:23–40: Vivir una vida en la presencia de Dios Rey	https://www.youtube.com/watch?v=crr5EEe8qJ0	2021-06-13	2026-05-18
	역사지리로 보는 성경	KO	YOUTUBE	Éxodo 25:23-40 Diseño de la mesa de los panes de la proposición y del candelabro del Tabernáculo	https://www.youtube.com/watch?v=fQnIb0wM4v4	2021-06-13	2026-05-18
	매일성경큐티하기	KO	YOUTUBE	Éxodo 25:23-40, Ante el Señor que es luz	https://www.youtube.com/watch?v=_os7Sh8wk-w	2021-10-03	2026-05-18
	김명석 목사 - 강릉 주의숲교회	KO	YOUTUBE	Éxodo 25:23–40	https://www.youtube.com/watch?v=qYP_PIaQC6I	2021-10-03	2026-05-18
	형광펜성경	KO	YOUTUBE	Éxodo Capítulo 25 | Como te veo	https://www.youtube.com/watch?v=LniBoMODomg	2019-02-15	2026-05-18
	Kairos TV	KO	YOUTUBE	Éxodo 25:10-40 | ¿Por qué y cómo debemos adorar y orar?	https://www.youtube.com/watch?v=xNbUAY1Ltuw	2022-03-03	2026-05-18
	박성민목사의 매일큐티묵상	KO	YOUTUBE	Éxodo 25:10–22 El Arca de la Alianza	https://www.youtube.com/watch?v=Zs7bab9ixOA	2022-11-01	2026-05-18
	성경한장	KO	YOUTUBE	Éxodo 25 "El sobre de la ofrenda debe contener un corazón alegre"	https://www.youtube.com/watch?v=hlg5TWSdqW8	2022-04-28	2026-05-18
	박성민목사의 매일큐티묵상	KO	YOUTUBE	Éxodo 25:1–9 Una ofrenda dada con alegría	https://www.youtube.com/watch?v=5Aw4Wyq0cBE	2022-10-31	2026-05-18
	새교회_조덕남목사	KO	YOUTUBE	Éxodo 24:12-18 En la gloria de Dios	https://www.youtube.com/watch?v=Qd5fghwLrAg	2020-06-10	2026-05-18
	성경한장	KO	YOUTUBE	Éxodo 24 "¡Esa sangre también fue rociada sobre mí!"	https://www.youtube.com/watch?v=v8tfw5sJ91s	2022-04-27	2026-05-18
	동네형QT_생명의삶	KO	YOUTUBE	Éxodo 24:12–18 Condiciones para caminar con Dios, guardar el pacto y la santidad	https://www.youtube.com/watch?v=WsMiezNfuhg	2021-05-30	2026-05-18
	보통목사의 10분성경	KO	YOUTUBE	Éxodo, capítulos 24-31: La verdad detrás de las exigencias irrazonables de Dios y el plan del Tabernáculo.	https://www.youtube.com/watch?v=QcS1Dm_vdU0	2025-10-23	2026-05-18
	동네형QT_생명의삶	KO	YOUTUBE	Éxodo 24:1–11 La gloriosa comunión disfrutada mediante el establecimiento del pacto	https://www.youtube.com/watch?v=ymynezzLf5s	2021-05-29	2026-05-18
